uuid|contactuuid|groupuuid|accountuuid
507d32ba-8588-498f-8873-56c3fd73d6bb|556e1c97-362c-4410-8e92-cd287e4c5c9b|094def52-bc18-4a9e-9b84-c34cc6476c75|650195B6-9357-C147-C24E-7FBDAEEC74ED
09c86aa7-99f2-4eab-8d04-2d1abf901e06|8b2900c2-fa2c-4ca8-9a21-c5c24143442f|e9570c5d-0cc4-41e5-81df-b0674e9dda1e|650195B6-9357-C147-C24E-7FBDAEEC74ED
1964b207-db3a-43fc-82e7-b44a1fb0a80a|4aa7446f-dbd5-4a04-90cf-2cdf62911a5f|a118c8ea-f831-4288-986d-35e22c91fc4d|650195B6-9357-C147-C24E-7FBDAEEC74ED
866b028b-9727-44cc-91da-255910a5cabf|e4d6df82-f93c-4275-9cb0-ba7f2ad0fd99|a2688d72-291b-470c-8926-31a903f5ed0c|650195B6-9357-C147-C24E-7FBDAEEC74ED
f0a0d7eb-67d6-468d-a733-5358dc6431c7|3fc96ad6-3bd4-4eab-aca2-768132f70586|9bef62f6-e682-4efd-98e9-ca41fa4ef993|650195B6-9357-C147-C24E-7FBDAEEC74ED
cf7e27c5-6fb0-4f83-a250-cd7ef8c66457|2163c4ec-ee58-4d24-8a5e-c72a77ec96e0|dd80cff2-7902-42db-a918-da139cc86d0d|C3CFA249-F2A3-8253-1F44-B1C594C6A8D2
efeb6528-7c01-479a-abf3-a69c24a1dd21|a0704f61-fd11-4f22-ac08-44a05015e6b8|8669a4db-b899-489d-b469-92a9b87d0ba4|650195B6-9357-C147-C24E-7FBDAEEC74ED
183b4490-e516-4dbd-9b42-bd1b68c38e9d|e0935818-1140-4379-906a-49c028959a12|785bd452-b325-4d96-9beb-652d8f92601e|C6D5BA33-C95E-BCC3-D951-2A099E5F9230
16c9a370-6018-49bc-81b3-7f1d676a3c6b|ae1a1fa1-476b-42e4-8aa2-eb695d552f89|044fbf73-6cb3-467a-ae42-0d10ef7a8336|8038D870-5455-A2D6-18A9-BD5FA1D0A10A
bda01a31-4f92-46e8-9b32-7b13c7394ded|3aab678b-08d2-4962-af41-70785b98f9d5|18066164-b147-499c-a0de-e5ff03b51e79|C937CE62-C4A9-131F-C96E-2DB8A9E886AB
51658bbd-f1e1-4ccd-af04-e8376654d54b|b1a27e1b-ad55-4383-af9a-573083325c8e|bcc1d152-3764-444d-8b58-1c389a04ae0b|C3CFA249-F2A3-8253-1F44-B1C594C6A8D2
0da9f170-54d7-49d1-b420-4dc7523468b6|c26ce10d-d5ff-44eb-afb0-4ba03fa91eca|c3bb500a-290b-473f-a943-55ced23c9845|650195B6-9357-C147-C24E-7FBDAEEC74ED
e6dd5611-10ff-4030-8969-176b6db38948|d74bb480-eff7-457f-babf-61a7b7d68e6c|0d559cb5-d8a7-407f-9edb-0c784e3d3f30|C6D5BA33-C95E-BCC3-D951-2A099E5F9230
1179e80a-5bff-4de3-a436-75f7eb156b36|253f4d65-8dad-4884-a268-212e4bc0d228|3fbc9ab4-a310-4b6b-9fcf-98d30df2e8ca|8038D870-5455-A2D6-18A9-BD5FA1D0A10A
b14ff850-1cd4-4eae-bbfe-6b09af45128e|9ece2cfb-25e6-4561-b601-55b5ac6a8367|100214fa-d4f5-4f6e-ae3e-9273ea8962bf|C937CE62-C4A9-131F-C96E-2DB8A9E886AB
2d06eab9-ba4f-4633-95e2-fad6d7807d20|7c8607dd-973e-49f9-a9a8-b857c7dde6d0|2a230b36-8df8-439e-a63b-ea06473953cd|C3CFA249-F2A3-8253-1F44-B1C594C6A8D2
544f1b7e-ece7-46fa-8e72-bf340c83da7a|0f706606-b4de-42bc-a422-046bf7487fc1|de3186c9-d98d-4b00-9bc6-72e47c8513b3|650195B6-9357-C147-C24E-7FBDAEEC74ED
fd5dbbe6-4a8f-4941-8747-aa69f0e0e7e7|a17ae567-0260-4778-a24d-0b69f16ddb16|b67db680-5269-4335-a028-7a8169719257|C6D5BA33-C95E-BCC3-D951-2A099E5F9230
b4d450d2-8826-415b-815a-158484319d8b|59ab326d-67b7-4b56-a4c5-b3e152bf7c87|0324cc2d-4cee-4c04-b46d-f0c9ef53385c|8038D870-5455-A2D6-18A9-BD5FA1D0A10A
bd0412e0-4f72-414a-a50b-cda8d9b21862|3a9a5029-84f8-4795-b1dc-e8c30deb30c0|1ef0495d-4c44-4565-8c69-186fad3f672e|C937CE62-C4A9-131F-C96E-2DB8A9E886AB
d846ce4b-ffe9-4467-8078-800697f88a35|96d03818-c915-4698-8ec5-1882250db269|2af25564-8486-4677-a574-4658527d514b|C3CFA249-F2A3-8253-1F44-B1C594C6A8D2
4f35c4fe-6b80-426f-95ae-3465c66453a4|43c1e069-9b21-4003-bace-7efb1f1603d2|3d9fec5b-f176-40dd-8ebf-010d1dd1bc7d|650195B6-9357-C147-C24E-7FBDAEEC74ED
3df61b9e-9e4b-4fdb-bc9f-da73084fa8be|08564f1c-801d-4ff2-9e1c-71c4f52d6b11|0a5159d4-1e0e-4258-a1e4-0482e06060d0|C6D5BA33-C95E-BCC3-D951-2A099E5F9230
69119601-6aa8-4b47-a59b-bf7f4f8746d8|3c5fe47a-9db8-41c2-90f6-2b4991588e88|60c5c5a4-9d80-4264-8803-b02587a6c3f7|8038D870-5455-A2D6-18A9-BD5FA1D0A10A
65078a5e-d52d-4f13-aad4-aba5da3db235|59c0bcf3-3b1f-4b64-8a05-3e2336e07737|060ca61d-c07f-4549-998e-5ab876f066e7|C937CE62-C4A9-131F-C96E-2DB8A9E886AB
e97dbbe4-bbfe-4bf4-aee8-dd7048839b3f|266da871-c6d2-4737-ab28-689bc9dec7e3|8dd4c02e-ce2e-4609-97e0-ebe5ce8a783d|C3CFA249-F2A3-8253-1F44-B1C594C6A8D2
9d485f14-1911-4e16-8df5-ce08b0cfe7bb|3caaafcb-b558-4967-a838-550076cda71e|29cc3585-e632-4e69-be1a-e0f1d7bfb676|650195B6-9357-C147-C24E-7FBDAEEC74ED
52c2da65-2e42-474d-980d-421a6e861283|dbbea335-1d61-451d-984b-8213e6376c5e|ab1280f9-d7da-4248-8564-b17fed484308|C6D5BA33-C95E-BCC3-D951-2A099E5F9230
7feca542-28c2-49f9-8c89-05534dc45cfc|a642a2cc-fa6e-45e6-af5f-bbe67504adee|f286c752-6109-4ee7-924a-a7874efbbb27|8038D870-5455-A2D6-18A9-BD5FA1D0A10A
f87aba49-bc10-455c-a170-fe4bd39106c8|0b7d298b-f8ae-4f30-814c-61e7287c4c9f|e7a2de29-927f-43ab-861c-6db7e53b685b|C937CE62-C4A9-131F-C96E-2DB8A9E886AB
110eefd6-fc22-4f8a-9d52-9ea3f27782c9|20e94452-5e46-44f7-bdb7-50589a4bb903|25ed3af2-f11b-4f75-a958-0679d3b6d18a|C3CFA249-F2A3-8253-1F44-B1C594C6A8D2
a802b175-d5c2-4cd5-85ef-7e8a8cbd63dc|870ca8f7-fb95-4923-9571-59ae99962fbe|3799be4a-bc11-4b1f-af03-a862d94a1bd5|650195B6-9357-C147-C24E-7FBDAEEC74ED
d8eb85f5-925d-4c79-b360-c480f1ea396c|7d6c9672-838f-49c7-b6c2-1d22d8a60fa1|790b1b43-279d-479a-99c8-5ba8bc4a7b7b|C6D5BA33-C95E-BCC3-D951-2A099E5F9230
ef83de80-3154-483e-8245-9c802e71169f|9b607e35-732b-477b-ab59-73420265dc6e|2e4e6e27-ee90-4a5a-b0fa-f80731014e2e|8038D870-5455-A2D6-18A9-BD5FA1D0A10A
0b20cf7f-2924-4f45-845e-24505db52f33|5e702c39-3e12-4f9b-a828-2ffc5ab50e67|d312e301-9103-4326-93b8-fd3114264e00|C937CE62-C4A9-131F-C96E-2DB8A9E886AB
8bc469c1-ec69-4c81-a6c9-2e746fa4a04e|f613f217-bae7-487c-ad70-63a10144465b|f128a118-554f-4862-8578-ed104e3f589e|C3CFA249-F2A3-8253-1F44-B1C594C6A8D2
d8acfcac-6d53-4e5e-80c3-3e86f70c93f3|b2115174-1db0-44e8-bd3a-1386bfab15b7|ae1a6cf6-d945-4f48-a821-085895c3965d|650195B6-9357-C147-C24E-7FBDAEEC74ED
9dbd7c93-c605-4506-935f-698b4edf737d|dfb2fc3d-307b-4b12-a363-93aa45b3eb64|4255f837-45f0-42f4-9a0e-452a4a766875|C6D5BA33-C95E-BCC3-D951-2A099E5F9230
fb18bee3-d826-41da-9a6c-23cb9eae019e|ed4c4ea7-c1b3-42fc-bb2c-c409ab9fa72d|c6a46e43-9f2f-46a6-bb7e-e49f0c1a6182|8038D870-5455-A2D6-18A9-BD5FA1D0A10A
677e74f5-2cff-48a3-beea-4545ec5b02fd|ef6dd054-6a73-4738-bd2e-44a3f4e314ef|34f9ff89-bde6-4801-b32a-804c5093b44b|C937CE62-C4A9-131F-C96E-2DB8A9E886AB
4d189a98-802d-4937-a93c-90d777278905|8bfee389-4df6-4d1c-99b8-0cb32ce4adc1|7d86919d-9211-4561-b8e1-e0253ec05f72|C3CFA249-F2A3-8253-1F44-B1C594C6A8D2
7180a15e-60f3-48fb-af8c-17d0466d40d7|290a302f-7de0-4126-9a05-ab9b94a5c8a0|3cb88247-1743-4f80-b56c-9835407a870b|650195B6-9357-C147-C24E-7FBDAEEC74ED
a5d45b3f-7093-41de-aaeb-a370febb5f68|b6594ccb-8a9d-49a4-ad3c-1225fac9a962|2ffe00fa-ac21-483d-9f1c-be7c521003fb|C6D5BA33-C95E-BCC3-D951-2A099E5F9230
f9663933-7f85-42f0-8461-f7307bc54105|a5b6b0b1-11af-49cd-8f14-d27773be1e35|79ed5ffd-4465-4e56-9413-3f60095eba10|8038D870-5455-A2D6-18A9-BD5FA1D0A10A
26381335-8f86-4f30-9a8b-afb43d214553|4ce24dc9-bc49-4bc5-b0ae-abb105fc88fb|973f5b0d-be1d-40bb-8ced-5424674c68f2|C937CE62-C4A9-131F-C96E-2DB8A9E886AB
d5c57da9-a6c5-40d0-b4da-2271276581c4|cac0ad5b-43d2-493f-bbfc-45aa0d9c8d86|54add4ba-1f2f-4b24-b8f6-3580a5355771|C3CFA249-F2A3-8253-1F44-B1C594C6A8D2
ebe441ce-d6ac-4ca5-b18b-09764438b5fd|973b2b54-5ab5-4198-b99f-ba806649c859|5a841f6a-133b-4553-888c-f807062aaa99|650195B6-9357-C147-C24E-7FBDAEEC74ED
f670a377-427b-4a28-8614-d91af318ce5f|e232d3be-b05c-44d4-b32d-e6d99f63bdf1|4e411cfe-3bf7-4a31-8205-8c2b670ac1db|C6D5BA33-C95E-BCC3-D951-2A099E5F9230
e91fb48c-9f52-408b-9f26-ad35cec69143|3a7d8a7b-513d-454d-8856-c915334e19ab|00da3f4a-5f9a-45cd-8e9b-e77e881b9810|8038D870-5455-A2D6-18A9-BD5FA1D0A10A
6e14e9f9-48f9-45bc-9247-653ab597a8e6|64f7bf09-2038-43f8-9e4a-5587f78216b2|094def52-bc18-4a9e-9b84-c34cc6476c75|C937CE62-C4A9-131F-C96E-2DB8A9E886AB
3acb26a8-71a2-40bf-bbe5-c6e994bd3032|8000f83e-b564-4735-b756-2cb39c8d40c5|e9570c5d-0cc4-41e5-81df-b0674e9dda1e|C3CFA249-F2A3-8253-1F44-B1C594C6A8D2
26899565-d840-4d28-9b7a-5f2847ca4624|ef76b35f-0f76-48a1-b7cb-8b46103d6747|a118c8ea-f831-4288-986d-35e22c91fc4d|650195B6-9357-C147-C24E-7FBDAEEC74ED
9876bc33-6a64-4f03-a8fe-ee1a9915622b|d5244d00-fa94-4be9-9657-4605fa67561b|a2688d72-291b-470c-8926-31a903f5ed0c|C6D5BA33-C95E-BCC3-D951-2A099E5F9230
da8c2ad3-74df-4d77-aaa6-2a1184cf512e|51553e43-3f1f-4e1c-829b-c5574dac42a4|9bef62f6-e682-4efd-98e9-ca41fa4ef993|8038D870-5455-A2D6-18A9-BD5FA1D0A10A
cdf5a4db-c568-40cc-aeb7-7d21d9e98656|6823d056-f535-4198-b14d-1e644a172714|dd80cff2-7902-42db-a918-da139cc86d0d|C937CE62-C4A9-131F-C96E-2DB8A9E886AB
7bb27654-f020-4216-820d-a6280b648889|386354ee-b54b-4e1d-92cc-8113563f19d1|8669a4db-b899-489d-b469-92a9b87d0ba4|C3CFA249-F2A3-8253-1F44-B1C594C6A8D2
d4222c1f-cd1d-4aed-9816-848ec323a80b|ff6c8446-598d-4f42-995a-c6bc554bbdc4|785bd452-b325-4d96-9beb-652d8f92601e|650195B6-9357-C147-C24E-7FBDAEEC74ED
df735c19-0da0-4a07-92e0-9d2d337d7baa|a1846c54-3f1a-4a65-a626-da4b9b36c299|044fbf73-6cb3-467a-ae42-0d10ef7a8336|C6D5BA33-C95E-BCC3-D951-2A099E5F9230
b147ea15-eb6f-488b-9668-1b4824a119a5|3b25e226-87d4-4389-b809-d61a6f92a9bd|18066164-b147-499c-a0de-e5ff03b51e79|8038D870-5455-A2D6-18A9-BD5FA1D0A10A
011442b3-bbca-4d90-b911-bc7e0556de78|8fbd895f-f88e-43b4-bb64-001381a048c3|bcc1d152-3764-444d-8b58-1c389a04ae0b|C937CE62-C4A9-131F-C96E-2DB8A9E886AB
b7b084c1-68ac-4262-bf09-37f58426d693|6817bdbe-65da-4e40-b3e4-b8d97aec88d2|c3bb500a-290b-473f-a943-55ced23c9845|C3CFA249-F2A3-8253-1F44-B1C594C6A8D2
dd38f162-5447-404c-bc4e-3094a8299d7b|46ac3d3c-755f-4c3a-88d1-5e06a64bec4e|0d559cb5-d8a7-407f-9edb-0c784e3d3f30|650195B6-9357-C147-C24E-7FBDAEEC74ED
65c21c0b-7e7a-4b76-9601-05795fdad105|99803ff4-81ef-4e64-99b2-d49474fb7df3|3fbc9ab4-a310-4b6b-9fcf-98d30df2e8ca|C6D5BA33-C95E-BCC3-D951-2A099E5F9230
ab966e69-72d0-4a9b-98f5-9c3388cd7977|38e1d4a3-25cd-4277-bcfe-dd859caf5073|100214fa-d4f5-4f6e-ae3e-9273ea8962bf|8038D870-5455-A2D6-18A9-BD5FA1D0A10A
bbea89c4-27a6-49f4-aee6-f437b8bf720a|42a948a3-97d0-4242-a457-d9e1160a7027|2a230b36-8df8-439e-a63b-ea06473953cd|C937CE62-C4A9-131F-C96E-2DB8A9E886AB
b2ce4161-cd27-4110-8bf2-c796f422b772|28a9fef6-8fdf-42e5-a5d8-1a5df7f34d5d|de3186c9-d98d-4b00-9bc6-72e47c8513b3|C3CFA249-F2A3-8253-1F44-B1C594C6A8D2
9b3cbbf1-d20c-4ce6-98fb-454368932f64|bd7393ac-e8b9-49fb-a96e-64bb0d95849f|b67db680-5269-4335-a028-7a8169719257|650195B6-9357-C147-C24E-7FBDAEEC74ED
d9ed88f9-437c-4d31-b641-983b1e0872cb|768c1a2e-31e6-45da-8ab7-ee171e04e90c|0324cc2d-4cee-4c04-b46d-f0c9ef53385c|C6D5BA33-C95E-BCC3-D951-2A099E5F9230
6d8bf797-a0c8-4094-85b2-5288da8bbf8e|e7926893-e98a-418f-87af-1e516e8fbc04|1ef0495d-4c44-4565-8c69-186fad3f672e|8038D870-5455-A2D6-18A9-BD5FA1D0A10A
fa442e1d-d5b1-42b1-a109-81e4e07f898c|a241b902-9bfd-495d-a737-080b4b04ab21|2af25564-8486-4677-a574-4658527d514b|C937CE62-C4A9-131F-C96E-2DB8A9E886AB
720df93f-56b3-4646-a72e-337460cdae68|d74ecca2-ac3f-4df9-bc5b-507521876cf9|3d9fec5b-f176-40dd-8ebf-010d1dd1bc7d|C3CFA249-F2A3-8253-1F44-B1C594C6A8D2
ddebf628-e823-40f6-aa36-e55c340c0acc|d4c93b31-2277-4766-ba31-c8f10d776595|0a5159d4-1e0e-4258-a1e4-0482e06060d0|650195B6-9357-C147-C24E-7FBDAEEC74ED
4d764c01-e399-42c2-b6cd-8ea1b0d38d88|02175479-98e7-44be-a489-483739ac81cf|60c5c5a4-9d80-4264-8803-b02587a6c3f7|C6D5BA33-C95E-BCC3-D951-2A099E5F9230
c33e7970-ff42-4da6-abf0-c8ce6c8e9eb3|77f2d507-ce0a-44a4-a20c-b5617d2709d7|060ca61d-c07f-4549-998e-5ab876f066e7|8038D870-5455-A2D6-18A9-BD5FA1D0A10A
4c685b83-6c52-46f4-bafc-5f7acf0ea22e|c79dc57e-3fe9-428d-9237-bad7568e0d52|8dd4c02e-ce2e-4609-97e0-ebe5ce8a783d|C937CE62-C4A9-131F-C96E-2DB8A9E886AB
2d9c3344-90bd-48fe-bd7a-48b5a96f2712|a89649b7-1842-409a-93f9-179e3253bd55|29cc3585-e632-4e69-be1a-e0f1d7bfb676|C3CFA249-F2A3-8253-1F44-B1C594C6A8D2
6023aba1-42d2-4010-9604-7642912d2e2b|d50694c9-df9e-4b9e-99ea-2efb2fe9fe1e|ab1280f9-d7da-4248-8564-b17fed484308|650195B6-9357-C147-C24E-7FBDAEEC74ED
ed63896e-f6bb-467a-9ec7-20f0b6ac8868|17e9e374-1f96-4338-a7f5-4316d63b65cb|f286c752-6109-4ee7-924a-a7874efbbb27|C6D5BA33-C95E-BCC3-D951-2A099E5F9230
046a7675-aeac-400b-9eef-5d9d50206457|b74a301d-73ff-488e-84c7-217e0f91ee61|e7a2de29-927f-43ab-861c-6db7e53b685b|8038D870-5455-A2D6-18A9-BD5FA1D0A10A
8dc50995-44b5-48ea-bc7d-f77e6e1be0b2|85d2169e-f828-4e95-b9cb-73d1b3fc34bc|25ed3af2-f11b-4f75-a958-0679d3b6d18a|C937CE62-C4A9-131F-C96E-2DB8A9E886AB
6ea9509e-eac6-4500-8975-ded0a1c7d25e|b383085a-e16f-49b9-aac0-d9b3db36a72e|3799be4a-bc11-4b1f-af03-a862d94a1bd5|C3CFA249-F2A3-8253-1F44-B1C594C6A8D2
2059cbf5-44ba-47d6-a1c2-63f05fa6d58b|9fc70db6-80af-40d2-9262-71d425e356f0|790b1b43-279d-479a-99c8-5ba8bc4a7b7b|650195B6-9357-C147-C24E-7FBDAEEC74ED
3c5ab89a-63e3-4ce8-aa12-d09ecd2107cc|cd44cc9e-8cf3-4e8d-8295-640dcf791104|2e4e6e27-ee90-4a5a-b0fa-f80731014e2e|C6D5BA33-C95E-BCC3-D951-2A099E5F9230
5332cbea-fa81-4444-8776-ed506c9ad09f|8354ea16-0a72-4ebe-b189-b141ec297464|d312e301-9103-4326-93b8-fd3114264e00|8038D870-5455-A2D6-18A9-BD5FA1D0A10A
ecb3c94b-05c3-4de5-b1ef-e37f70b9350c|43faeed5-067e-475f-8507-991eff770e02|f128a118-554f-4862-8578-ed104e3f589e|C937CE62-C4A9-131F-C96E-2DB8A9E886AB
39b03013-828f-4b5a-9c4b-6cebe8742c14|0103b2be-b1df-4a89-95f1-9b7cb6d400ff|ae1a6cf6-d945-4f48-a821-085895c3965d|C3CFA249-F2A3-8253-1F44-B1C594C6A8D2
182996f1-e5be-4407-b12f-7b1119db865b|5b7c4b7c-e1a5-4924-af08-921d23ece4d0|4255f837-45f0-42f4-9a0e-452a4a766875|650195B6-9357-C147-C24E-7FBDAEEC74ED
57ad2549-e175-4bbb-b9c9-1dcdc96d9b32|994a0e29-eb63-4ef1-a7de-9b1d609205e8|c6a46e43-9f2f-46a6-bb7e-e49f0c1a6182|C6D5BA33-C95E-BCC3-D951-2A099E5F9230
03eacfcf-7b9d-4478-a225-3c2a46dcb0c2|6d5dfeea-0cae-442a-8657-913390afc5a7|34f9ff89-bde6-4801-b32a-804c5093b44b|8038D870-5455-A2D6-18A9-BD5FA1D0A10A
a1b3015b-9321-4151-b10b-7d130aa312b8|697f1460-cef1-45d0-a2fe-d91ac498185d|7d86919d-9211-4561-b8e1-e0253ec05f72|C937CE62-C4A9-131F-C96E-2DB8A9E886AB
c2443eff-cce6-447e-9668-17d02fadad4b|0a5f25f3-adc2-4c9f-8e00-8d0f89d42ce8|3cb88247-1743-4f80-b56c-9835407a870b|C3CFA249-F2A3-8253-1F44-B1C594C6A8D2
1b960ce5-1d17-4b7a-90ba-f92727d1e743|ee5c8c22-7004-4aa3-aa13-935a8334570b|2ffe00fa-ac21-483d-9f1c-be7c521003fb|650195B6-9357-C147-C24E-7FBDAEEC74ED
285af787-d704-4584-b55d-3fd7b53e1463|b0837c4e-c3e0-4c96-94cb-fda5ba527872|79ed5ffd-4465-4e56-9413-3f60095eba10|C6D5BA33-C95E-BCC3-D951-2A099E5F9230
8c928bec-ef67-411f-bb90-69e07bda9362|602e68e1-5cc1-4ce6-aa2f-aab730e34535|973f5b0d-be1d-40bb-8ced-5424674c68f2|8038D870-5455-A2D6-18A9-BD5FA1D0A10A
7eda2f62-88e8-4835-bb11-561d6d953ecf|b9065130-f924-4d95-bce5-8e78db0eeea1|54add4ba-1f2f-4b24-b8f6-3580a5355771|C937CE62-C4A9-131F-C96E-2DB8A9E886AB
9f7a3259-1660-4ea7-a274-627e80e5835e|02c65595-0ab9-4580-bbb1-eb7f8d345025|5a841f6a-133b-4553-888c-f807062aaa99|C3CFA249-F2A3-8253-1F44-B1C594C6A8D2
4140bcfb-7d01-4acb-b934-d9c22543cfac|971efc29-3133-4b96-9ae7-df5a1223c948|4e411cfe-3bf7-4a31-8205-8c2b670ac1db|650195B6-9357-C147-C24E-7FBDAEEC74ED
c8dfdb78-8cee-4f5d-8b48-4a4c2b210961|84f86b24-346b-46f1-a253-8a0fff1d35e3|00da3f4a-5f9a-45cd-8e9b-e77e881b9810|C6D5BA33-C95E-BCC3-D951-2A099E5F9230
5ce4a941-0ba1-4442-9b47-bf58d71c3f25|fd599e14-a234-4a6a-bca0-8864bedd8472|094def52-bc18-4a9e-9b84-c34cc6476c75|8038D870-5455-A2D6-18A9-BD5FA1D0A10A
295a66cc-14f5-4081-8a84-07692c130c29|556e1c97-362c-4410-8e92-cd287e4c5c9b|e9570c5d-0cc4-41e5-81df-b0674e9dda1e|C937CE62-C4A9-131F-C96E-2DB8A9E886AB
317d4a8a-38d4-42c2-a849-515de6e58f4f|8b2900c2-fa2c-4ca8-9a21-c5c24143442f|a118c8ea-f831-4288-986d-35e22c91fc4d|C3CFA249-F2A3-8253-1F44-B1C594C6A8D2
23b50ea6-1582-487a-8910-8e32374910c8|4aa7446f-dbd5-4a04-90cf-2cdf62911a5f|a2688d72-291b-470c-8926-31a903f5ed0c|650195B6-9357-C147-C24E-7FBDAEEC74ED
a8f965a0-b398-4ac9-90b0-248db914f03d|e4d6df82-f93c-4275-9cb0-ba7f2ad0fd99|9bef62f6-e682-4efd-98e9-ca41fa4ef993|C6D5BA33-C95E-BCC3-D951-2A099E5F9230
e4806278-97dc-4430-9b5c-2dd492eee78b|3fc96ad6-3bd4-4eab-aca2-768132f70586|dd80cff2-7902-42db-a918-da139cc86d0d|8038D870-5455-A2D6-18A9-BD5FA1D0A10A
9280c9cb-fcb2-42bc-b66d-fb51a3c7fbf2|2163c4ec-ee58-4d24-8a5e-c72a77ec96e0|8669a4db-b899-489d-b469-92a9b87d0ba4|C937CE62-C4A9-131F-C96E-2DB8A9E886AB
d076154a-18ba-46b0-9575-b66fc980e3f5|a0704f61-fd11-4f22-ac08-44a05015e6b8|785bd452-b325-4d96-9beb-652d8f92601e|C3CFA249-F2A3-8253-1F44-B1C594C6A8D2
310d6ea3-ebce-4436-a71a-e82241678fdc|e0935818-1140-4379-906a-49c028959a12|044fbf73-6cb3-467a-ae42-0d10ef7a8336|650195B6-9357-C147-C24E-7FBDAEEC74ED
f81d9489-9fa8-4fa2-9eb3-eb4dc1ff9893|ae1a1fa1-476b-42e4-8aa2-eb695d552f89|18066164-b147-499c-a0de-e5ff03b51e79|C6D5BA33-C95E-BCC3-D951-2A099E5F9230
34643adf-a069-42cb-898b-e72b24e5245d|3aab678b-08d2-4962-af41-70785b98f9d5|bcc1d152-3764-444d-8b58-1c389a04ae0b|8038D870-5455-A2D6-18A9-BD5FA1D0A10A
0a8897f1-f86a-469d-8daf-f21774dfb84a|b1a27e1b-ad55-4383-af9a-573083325c8e|c3bb500a-290b-473f-a943-55ced23c9845|C937CE62-C4A9-131F-C96E-2DB8A9E886AB
1b30c0dc-ab55-4211-8649-2b1babede785|c26ce10d-d5ff-44eb-afb0-4ba03fa91eca|0d559cb5-d8a7-407f-9edb-0c784e3d3f30|C3CFA249-F2A3-8253-1F44-B1C594C6A8D2
7228df0d-b4ca-4db1-a2d7-b93398eab238|d74bb480-eff7-457f-babf-61a7b7d68e6c|3fbc9ab4-a310-4b6b-9fcf-98d30df2e8ca|650195B6-9357-C147-C24E-7FBDAEEC74ED
08f65285-bd5e-4b16-ba00-a6adf45b2ba3|253f4d65-8dad-4884-a268-212e4bc0d228|100214fa-d4f5-4f6e-ae3e-9273ea8962bf|C6D5BA33-C95E-BCC3-D951-2A099E5F9230
d0d117ef-66c4-44e6-86f5-eeb206216cd1|9ece2cfb-25e6-4561-b601-55b5ac6a8367|2a230b36-8df8-439e-a63b-ea06473953cd|8038D870-5455-A2D6-18A9-BD5FA1D0A10A
c3477af8-555b-48cf-ba5c-cc239d886815|7c8607dd-973e-49f9-a9a8-b857c7dde6d0|de3186c9-d98d-4b00-9bc6-72e47c8513b3|C937CE62-C4A9-131F-C96E-2DB8A9E886AB
6e44645b-3b40-4d09-b03c-5358f0456515|0f706606-b4de-42bc-a422-046bf7487fc1|b67db680-5269-4335-a028-7a8169719257|C3CFA249-F2A3-8253-1F44-B1C594C6A8D2
a46f9b3f-67cc-412c-8239-fff8bc6d9c13|a17ae567-0260-4778-a24d-0b69f16ddb16|0324cc2d-4cee-4c04-b46d-f0c9ef53385c|650195B6-9357-C147-C24E-7FBDAEEC74ED
c3cf5997-90ea-4de1-a240-63a271679235|59ab326d-67b7-4b56-a4c5-b3e152bf7c87|1ef0495d-4c44-4565-8c69-186fad3f672e|C6D5BA33-C95E-BCC3-D951-2A099E5F9230
1c5cfd5d-50b2-42e4-a8b1-8a651958f4b3|3a9a5029-84f8-4795-b1dc-e8c30deb30c0|2af25564-8486-4677-a574-4658527d514b|8038D870-5455-A2D6-18A9-BD5FA1D0A10A
e3185511-3cbc-4ba2-9120-541a7a4b0596|96d03818-c915-4698-8ec5-1882250db269|3d9fec5b-f176-40dd-8ebf-010d1dd1bc7d|C937CE62-C4A9-131F-C96E-2DB8A9E886AB
02258f25-1866-4406-968d-f5f7cb311224|43c1e069-9b21-4003-bace-7efb1f1603d2|0a5159d4-1e0e-4258-a1e4-0482e06060d0|C3CFA249-F2A3-8253-1F44-B1C594C6A8D2
61b76f94-7ecc-4d2e-9ce3-ccde30e05b85|08564f1c-801d-4ff2-9e1c-71c4f52d6b11|60c5c5a4-9d80-4264-8803-b02587a6c3f7|650195B6-9357-C147-C24E-7FBDAEEC74ED
2a06f054-bdb4-440b-89cf-d770b6ebfdae|3c5fe47a-9db8-41c2-90f6-2b4991588e88|060ca61d-c07f-4549-998e-5ab876f066e7|C6D5BA33-C95E-BCC3-D951-2A099E5F9230
a785eb0c-7bc0-4125-ae63-13f2409314c9|59c0bcf3-3b1f-4b64-8a05-3e2336e07737|8dd4c02e-ce2e-4609-97e0-ebe5ce8a783d|8038D870-5455-A2D6-18A9-BD5FA1D0A10A
b3139b04-c9ce-4aec-9321-728e3410fec2|266da871-c6d2-4737-ab28-689bc9dec7e3|29cc3585-e632-4e69-be1a-e0f1d7bfb676|C937CE62-C4A9-131F-C96E-2DB8A9E886AB
0f755cf7-bdc6-412c-ac05-a2a39ed6394e|3caaafcb-b558-4967-a838-550076cda71e|ab1280f9-d7da-4248-8564-b17fed484308|C3CFA249-F2A3-8253-1F44-B1C594C6A8D2
b26797c7-bd60-4444-9ab9-4bc98a0e7db4|dbbea335-1d61-451d-984b-8213e6376c5e|f286c752-6109-4ee7-924a-a7874efbbb27|650195B6-9357-C147-C24E-7FBDAEEC74ED
3166d03b-a17d-4645-aec7-df3aeee460ca|a642a2cc-fa6e-45e6-af5f-bbe67504adee|e7a2de29-927f-43ab-861c-6db7e53b685b|C6D5BA33-C95E-BCC3-D951-2A099E5F9230
47d9b8db-d09f-433b-b43b-d1bf34675e17|0b7d298b-f8ae-4f30-814c-61e7287c4c9f|25ed3af2-f11b-4f75-a958-0679d3b6d18a|8038D870-5455-A2D6-18A9-BD5FA1D0A10A
9385aaa6-c2a6-4556-9d5a-e628d0be7ee0|20e94452-5e46-44f7-bdb7-50589a4bb903|3799be4a-bc11-4b1f-af03-a862d94a1bd5|C937CE62-C4A9-131F-C96E-2DB8A9E886AB
5fcd95fe-7c23-4464-9575-c06b4e3f7c39|870ca8f7-fb95-4923-9571-59ae99962fbe|790b1b43-279d-479a-99c8-5ba8bc4a7b7b|C3CFA249-F2A3-8253-1F44-B1C594C6A8D2
9830b16c-2c7d-47c4-a5fb-9085dd290802|7d6c9672-838f-49c7-b6c2-1d22d8a60fa1|2e4e6e27-ee90-4a5a-b0fa-f80731014e2e|650195B6-9357-C147-C24E-7FBDAEEC74ED
0d1f7d15-30df-4f60-8c3c-a37867fb2e1c|9b607e35-732b-477b-ab59-73420265dc6e|d312e301-9103-4326-93b8-fd3114264e00|C6D5BA33-C95E-BCC3-D951-2A099E5F9230
0e26e926-9b58-40d9-8ad1-721fbe415759|5e702c39-3e12-4f9b-a828-2ffc5ab50e67|f128a118-554f-4862-8578-ed104e3f589e|8038D870-5455-A2D6-18A9-BD5FA1D0A10A
327c55a7-760a-462a-bf0d-09a261b7b50a|f613f217-bae7-487c-ad70-63a10144465b|ae1a6cf6-d945-4f48-a821-085895c3965d|C937CE62-C4A9-131F-C96E-2DB8A9E886AB
510b2591-937d-4847-8a13-f03c34ec69cf|b2115174-1db0-44e8-bd3a-1386bfab15b7|4255f837-45f0-42f4-9a0e-452a4a766875|C3CFA249-F2A3-8253-1F44-B1C594C6A8D2
9f9a5756-7baa-4162-97e5-43be6650667c|dfb2fc3d-307b-4b12-a363-93aa45b3eb64|c6a46e43-9f2f-46a6-bb7e-e49f0c1a6182|650195B6-9357-C147-C24E-7FBDAEEC74ED
629a8720-88e6-4576-9b77-61363c800abe|ed4c4ea7-c1b3-42fc-bb2c-c409ab9fa72d|34f9ff89-bde6-4801-b32a-804c5093b44b|C6D5BA33-C95E-BCC3-D951-2A099E5F9230
7386914f-310c-4408-aa1e-3af978c605a8|ef6dd054-6a73-4738-bd2e-44a3f4e314ef|7d86919d-9211-4561-b8e1-e0253ec05f72|8038D870-5455-A2D6-18A9-BD5FA1D0A10A
c518c916-5178-4169-ba8b-4a2274651302|8bfee389-4df6-4d1c-99b8-0cb32ce4adc1|3cb88247-1743-4f80-b56c-9835407a870b|C937CE62-C4A9-131F-C96E-2DB8A9E886AB
70a86ea1-e420-4453-8fe8-d7e4030a9fd5|290a302f-7de0-4126-9a05-ab9b94a5c8a0|2ffe00fa-ac21-483d-9f1c-be7c521003fb|C3CFA249-F2A3-8253-1F44-B1C594C6A8D2
77dae909-1f92-4696-988d-2423ee927d22|b6594ccb-8a9d-49a4-ad3c-1225fac9a962|79ed5ffd-4465-4e56-9413-3f60095eba10|650195B6-9357-C147-C24E-7FBDAEEC74ED
150fc042-2164-4704-ade1-aa7e51687067|a5b6b0b1-11af-49cd-8f14-d27773be1e35|973f5b0d-be1d-40bb-8ced-5424674c68f2|C6D5BA33-C95E-BCC3-D951-2A099E5F9230
a5e70f25-641f-4959-b7be-7214c1797ed4|4ce24dc9-bc49-4bc5-b0ae-abb105fc88fb|54add4ba-1f2f-4b24-b8f6-3580a5355771|8038D870-5455-A2D6-18A9-BD5FA1D0A10A
849a44f4-4734-456c-bb53-6c8efde9e9d3|cac0ad5b-43d2-493f-bbfc-45aa0d9c8d86|5a841f6a-133b-4553-888c-f807062aaa99|C937CE62-C4A9-131F-C96E-2DB8A9E886AB
9ebea34c-4fe7-4d8c-9d27-2acc1c3fb12a|973b2b54-5ab5-4198-b99f-ba806649c859|4e411cfe-3bf7-4a31-8205-8c2b670ac1db|C3CFA249-F2A3-8253-1F44-B1C594C6A8D2
c41c1adc-b7b9-446e-a3bc-7a1df2fe06a8|e232d3be-b05c-44d4-b32d-e6d99f63bdf1|00da3f4a-5f9a-45cd-8e9b-e77e881b9810|650195B6-9357-C147-C24E-7FBDAEEC74ED
8709febb-f290-4e39-a9a6-bbad95880156|3a7d8a7b-513d-454d-8856-c915334e19ab|094def52-bc18-4a9e-9b84-c34cc6476c75|C6D5BA33-C95E-BCC3-D951-2A099E5F9230
48064a13-1f29-4621-b3d6-c937d2790bbc|64f7bf09-2038-43f8-9e4a-5587f78216b2|e9570c5d-0cc4-41e5-81df-b0674e9dda1e|8038D870-5455-A2D6-18A9-BD5FA1D0A10A
08f5e4cb-fd28-4e2b-90bf-1104116d0235|8000f83e-b564-4735-b756-2cb39c8d40c5|a118c8ea-f831-4288-986d-35e22c91fc4d|C937CE62-C4A9-131F-C96E-2DB8A9E886AB
1e0cc021-3cfe-4d36-8388-bd0b5c803f43|ef76b35f-0f76-48a1-b7cb-8b46103d6747|a2688d72-291b-470c-8926-31a903f5ed0c|C3CFA249-F2A3-8253-1F44-B1C594C6A8D2
2b1ad181-bf22-488a-a2a3-b3c9a3c7f5ba|d5244d00-fa94-4be9-9657-4605fa67561b|9bef62f6-e682-4efd-98e9-ca41fa4ef993|650195B6-9357-C147-C24E-7FBDAEEC74ED
a88136ad-a9b3-4ebe-bf28-92b432a916e9|51553e43-3f1f-4e1c-829b-c5574dac42a4|dd80cff2-7902-42db-a918-da139cc86d0d|C6D5BA33-C95E-BCC3-D951-2A099E5F9230
150c7f77-8bdc-4c1b-a2dd-493620805611|6823d056-f535-4198-b14d-1e644a172714|8669a4db-b899-489d-b469-92a9b87d0ba4|8038D870-5455-A2D6-18A9-BD5FA1D0A10A
29b55114-3597-4012-add2-664336e4bbae|386354ee-b54b-4e1d-92cc-8113563f19d1|785bd452-b325-4d96-9beb-652d8f92601e|C937CE62-C4A9-131F-C96E-2DB8A9E886AB
f05fab61-dfea-4e3b-aebe-5900d4a83f9e|ff6c8446-598d-4f42-995a-c6bc554bbdc4|044fbf73-6cb3-467a-ae42-0d10ef7a8336|C3CFA249-F2A3-8253-1F44-B1C594C6A8D2
9ba8cdf2-0ee2-4801-b669-f4f1f740bc38|a1846c54-3f1a-4a65-a626-da4b9b36c299|18066164-b147-499c-a0de-e5ff03b51e79|650195B6-9357-C147-C24E-7FBDAEEC74ED
2fbc3a4f-8b18-4c92-bb22-ef5461e311cc|3b25e226-87d4-4389-b809-d61a6f92a9bd|bcc1d152-3764-444d-8b58-1c389a04ae0b|C6D5BA33-C95E-BCC3-D951-2A099E5F9230
c8f3497f-52b4-4626-a285-a80179acb678|8fbd895f-f88e-43b4-bb64-001381a048c3|c3bb500a-290b-473f-a943-55ced23c9845|8038D870-5455-A2D6-18A9-BD5FA1D0A10A
3dcf2200-2d2c-4cf9-9d6a-2bcc64877e4c|6817bdbe-65da-4e40-b3e4-b8d97aec88d2|0d559cb5-d8a7-407f-9edb-0c784e3d3f30|C937CE62-C4A9-131F-C96E-2DB8A9E886AB
79536eaa-9801-479b-a18c-af9f73950961|46ac3d3c-755f-4c3a-88d1-5e06a64bec4e|3fbc9ab4-a310-4b6b-9fcf-98d30df2e8ca|C3CFA249-F2A3-8253-1F44-B1C594C6A8D2
ac9a77fd-21bc-4df8-a691-7939a2f0d049|99803ff4-81ef-4e64-99b2-d49474fb7df3|100214fa-d4f5-4f6e-ae3e-9273ea8962bf|650195B6-9357-C147-C24E-7FBDAEEC74ED
5ebbcb8d-0156-4c38-9ddb-18610917f966|38e1d4a3-25cd-4277-bcfe-dd859caf5073|2a230b36-8df8-439e-a63b-ea06473953cd|C6D5BA33-C95E-BCC3-D951-2A099E5F9230
15a1dbfa-b665-4d18-9bc2-241033bdff87|42a948a3-97d0-4242-a457-d9e1160a7027|de3186c9-d98d-4b00-9bc6-72e47c8513b3|8038D870-5455-A2D6-18A9-BD5FA1D0A10A
4e6e4be1-bb77-4041-884f-86dcbc0cea53|28a9fef6-8fdf-42e5-a5d8-1a5df7f34d5d|b67db680-5269-4335-a028-7a8169719257|C937CE62-C4A9-131F-C96E-2DB8A9E886AB
4c4779de-f47f-4839-a532-25bc69cf5608|bd7393ac-e8b9-49fb-a96e-64bb0d95849f|0324cc2d-4cee-4c04-b46d-f0c9ef53385c|C3CFA249-F2A3-8253-1F44-B1C594C6A8D2
13772d48-cc3c-408d-b9eb-68a5c844da4c|768c1a2e-31e6-45da-8ab7-ee171e04e90c|1ef0495d-4c44-4565-8c69-186fad3f672e|650195B6-9357-C147-C24E-7FBDAEEC74ED
5bf45e57-6d0d-4ed7-80ba-40b67dd0787e|e7926893-e98a-418f-87af-1e516e8fbc04|2af25564-8486-4677-a574-4658527d514b|C6D5BA33-C95E-BCC3-D951-2A099E5F9230
059be0db-e840-456a-99f7-ca1c6e237376|a241b902-9bfd-495d-a737-080b4b04ab21|3d9fec5b-f176-40dd-8ebf-010d1dd1bc7d|8038D870-5455-A2D6-18A9-BD5FA1D0A10A
01659ab9-1088-4c0c-a043-24100984bdfc|d74ecca2-ac3f-4df9-bc5b-507521876cf9|0a5159d4-1e0e-4258-a1e4-0482e06060d0|C937CE62-C4A9-131F-C96E-2DB8A9E886AB
f52e2fce-1500-4cb6-8dae-b43bb7069011|d4c93b31-2277-4766-ba31-c8f10d776595|60c5c5a4-9d80-4264-8803-b02587a6c3f7|C3CFA249-F2A3-8253-1F44-B1C594C6A8D2
ef767621-b62e-4386-999e-201605e41a5d|02175479-98e7-44be-a489-483739ac81cf|060ca61d-c07f-4549-998e-5ab876f066e7|650195B6-9357-C147-C24E-7FBDAEEC74ED
9bfc4a60-6b83-4c4c-a72e-85c39e3a0e60|77f2d507-ce0a-44a4-a20c-b5617d2709d7|8dd4c02e-ce2e-4609-97e0-ebe5ce8a783d|C6D5BA33-C95E-BCC3-D951-2A099E5F9230
28a89ae8-0c8f-4532-a842-f167531919df|c79dc57e-3fe9-428d-9237-bad7568e0d52|29cc3585-e632-4e69-be1a-e0f1d7bfb676|8038D870-5455-A2D6-18A9-BD5FA1D0A10A
a5e92c27-f251-499b-b658-b62d7808b534|a89649b7-1842-409a-93f9-179e3253bd55|ab1280f9-d7da-4248-8564-b17fed484308|C937CE62-C4A9-131F-C96E-2DB8A9E886AB
27a48d25-f90f-4d34-8499-eac86f602f58|d50694c9-df9e-4b9e-99ea-2efb2fe9fe1e|f286c752-6109-4ee7-924a-a7874efbbb27|C3CFA249-F2A3-8253-1F44-B1C594C6A8D2
d326c85e-c1de-42ef-9d64-2452181a0a83|17e9e374-1f96-4338-a7f5-4316d63b65cb|e7a2de29-927f-43ab-861c-6db7e53b685b|650195B6-9357-C147-C24E-7FBDAEEC74ED
fce5eed9-6ce8-429f-a789-52efea4f1904|b74a301d-73ff-488e-84c7-217e0f91ee61|25ed3af2-f11b-4f75-a958-0679d3b6d18a|C6D5BA33-C95E-BCC3-D951-2A099E5F9230
33eaee06-1bbb-4739-8348-b349dc97e750|85d2169e-f828-4e95-b9cb-73d1b3fc34bc|3799be4a-bc11-4b1f-af03-a862d94a1bd5|8038D870-5455-A2D6-18A9-BD5FA1D0A10A
eba5ab7c-b665-4060-bf26-2c145e795997|b383085a-e16f-49b9-aac0-d9b3db36a72e|790b1b43-279d-479a-99c8-5ba8bc4a7b7b|C937CE62-C4A9-131F-C96E-2DB8A9E886AB
e6ea435d-b4f8-4e2d-b211-8acfa59109a2|9fc70db6-80af-40d2-9262-71d425e356f0|2e4e6e27-ee90-4a5a-b0fa-f80731014e2e|C3CFA249-F2A3-8253-1F44-B1C594C6A8D2
5eed219a-82be-4f7c-983b-19bfc6baeabe|cd44cc9e-8cf3-4e8d-8295-640dcf791104|d312e301-9103-4326-93b8-fd3114264e00|650195B6-9357-C147-C24E-7FBDAEEC74ED
6d18eae4-7285-4bd6-a4a1-5aedfc0d3a60|8354ea16-0a72-4ebe-b189-b141ec297464|f128a118-554f-4862-8578-ed104e3f589e|C6D5BA33-C95E-BCC3-D951-2A099E5F9230
a4aed220-298e-4b09-bb1b-f7ed1f644450|43faeed5-067e-475f-8507-991eff770e02|ae1a6cf6-d945-4f48-a821-085895c3965d|8038D870-5455-A2D6-18A9-BD5FA1D0A10A
b9e82fb2-5398-449e-a559-01bc7d144a54|0103b2be-b1df-4a89-95f1-9b7cb6d400ff|4255f837-45f0-42f4-9a0e-452a4a766875|C937CE62-C4A9-131F-C96E-2DB8A9E886AB
165ed39d-7e83-4bb4-8f11-5e490747f1ad|5b7c4b7c-e1a5-4924-af08-921d23ece4d0|c6a46e43-9f2f-46a6-bb7e-e49f0c1a6182|C3CFA249-F2A3-8253-1F44-B1C594C6A8D2
6cda5f1d-beae-4298-bbc5-7d39e200c658|994a0e29-eb63-4ef1-a7de-9b1d609205e8|34f9ff89-bde6-4801-b32a-804c5093b44b|650195B6-9357-C147-C24E-7FBDAEEC74ED
a0e186d4-c325-425e-80da-bd0e8c51b229|6d5dfeea-0cae-442a-8657-913390afc5a7|7d86919d-9211-4561-b8e1-e0253ec05f72|C6D5BA33-C95E-BCC3-D951-2A099E5F9230
42b0b147-08a2-45d7-9cc2-09a59729ad36|697f1460-cef1-45d0-a2fe-d91ac498185d|3cb88247-1743-4f80-b56c-9835407a870b|8038D870-5455-A2D6-18A9-BD5FA1D0A10A
a753a458-e12d-4843-847c-37d2ebc480e9|0a5f25f3-adc2-4c9f-8e00-8d0f89d42ce8|2ffe00fa-ac21-483d-9f1c-be7c521003fb|C937CE62-C4A9-131F-C96E-2DB8A9E886AB
9a8d65e4-abd2-4172-9324-3ad9bbab9232|ee5c8c22-7004-4aa3-aa13-935a8334570b|79ed5ffd-4465-4e56-9413-3f60095eba10|C3CFA249-F2A3-8253-1F44-B1C594C6A8D2
ae319a03-caaa-45ed-8c17-be28c8622db1|b0837c4e-c3e0-4c96-94cb-fda5ba527872|973f5b0d-be1d-40bb-8ced-5424674c68f2|650195B6-9357-C147-C24E-7FBDAEEC74ED
a57d5894-3884-4ae0-8d3b-84f2beb09829|602e68e1-5cc1-4ce6-aa2f-aab730e34535|54add4ba-1f2f-4b24-b8f6-3580a5355771|C6D5BA33-C95E-BCC3-D951-2A099E5F9230
8203d81a-0036-4296-a56a-f35fb4c2c0a1|b9065130-f924-4d95-bce5-8e78db0eeea1|5a841f6a-133b-4553-888c-f807062aaa99|8038D870-5455-A2D6-18A9-BD5FA1D0A10A
4e1831f1-6659-41a8-9a11-e26e28f752a1|02c65595-0ab9-4580-bbb1-eb7f8d345025|4e411cfe-3bf7-4a31-8205-8c2b670ac1db|C937CE62-C4A9-131F-C96E-2DB8A9E886AB
6d0ab87f-e808-491a-9283-12159fb8a5ea|971efc29-3133-4b96-9ae7-df5a1223c948|00da3f4a-5f9a-45cd-8e9b-e77e881b9810|C3CFA249-F2A3-8253-1F44-B1C594C6A8D2
236ca516-222b-4516-9f28-88c8aea1c1e7|84f86b24-346b-46f1-a253-8a0fff1d35e3|094def52-bc18-4a9e-9b84-c34cc6476c75|650195B6-9357-C147-C24E-7FBDAEEC74ED
7f2cd7e8-aa22-4a27-afa4-534b9ed33aaa|fd599e14-a234-4a6a-bca0-8864bedd8472|e9570c5d-0cc4-41e5-81df-b0674e9dda1e|C6D5BA33-C95E-BCC3-D951-2A099E5F9230
d2f77ba4-f5a2-4a1e-9901-c4f99cb00073|556e1c97-362c-4410-8e92-cd287e4c5c9b|a118c8ea-f831-4288-986d-35e22c91fc4d|8038D870-5455-A2D6-18A9-BD5FA1D0A10A
768220ac-ad1a-4302-8b2b-cadac9617c18|8b2900c2-fa2c-4ca8-9a21-c5c24143442f|a2688d72-291b-470c-8926-31a903f5ed0c|C937CE62-C4A9-131F-C96E-2DB8A9E886AB
6444eba8-f693-4221-b62c-b3619775237c|4aa7446f-dbd5-4a04-90cf-2cdf62911a5f|9bef62f6-e682-4efd-98e9-ca41fa4ef993|C3CFA249-F2A3-8253-1F44-B1C594C6A8D2
684675d6-b529-4ce3-ae7e-54fceeb12c5e|e4d6df82-f93c-4275-9cb0-ba7f2ad0fd99|dd80cff2-7902-42db-a918-da139cc86d0d|650195B6-9357-C147-C24E-7FBDAEEC74ED
e3ec8c08-b7fc-4da6-8814-cc3b21cecc4c|3fc96ad6-3bd4-4eab-aca2-768132f70586|8669a4db-b899-489d-b469-92a9b87d0ba4|C6D5BA33-C95E-BCC3-D951-2A099E5F9230
76094b59-b373-4c6e-a4e2-1ac3642edc78|2163c4ec-ee58-4d24-8a5e-c72a77ec96e0|785bd452-b325-4d96-9beb-652d8f92601e|8038D870-5455-A2D6-18A9-BD5FA1D0A10A
f991ec85-f57c-4116-ba5c-782e1878e90d|a0704f61-fd11-4f22-ac08-44a05015e6b8|044fbf73-6cb3-467a-ae42-0d10ef7a8336|C937CE62-C4A9-131F-C96E-2DB8A9E886AB
b1157a90-2082-4191-8516-664643a8ac3e|e0935818-1140-4379-906a-49c028959a12|18066164-b147-499c-a0de-e5ff03b51e79|C3CFA249-F2A3-8253-1F44-B1C594C6A8D2
011bd467-a1b3-40a8-96f4-36b17f62e70d|ae1a1fa1-476b-42e4-8aa2-eb695d552f89|bcc1d152-3764-444d-8b58-1c389a04ae0b|650195B6-9357-C147-C24E-7FBDAEEC74ED
f37a9560-d5cf-4435-b093-545824998111|3aab678b-08d2-4962-af41-70785b98f9d5|c3bb500a-290b-473f-a943-55ced23c9845|C6D5BA33-C95E-BCC3-D951-2A099E5F9230
3dafa4f9-f6d3-4bc8-ad0e-74eccbd1f6e0|b1a27e1b-ad55-4383-af9a-573083325c8e|0d559cb5-d8a7-407f-9edb-0c784e3d3f30|8038D870-5455-A2D6-18A9-BD5FA1D0A10A
d5c0e6b6-3bcd-491c-a916-c75b82e1735a|c26ce10d-d5ff-44eb-afb0-4ba03fa91eca|3fbc9ab4-a310-4b6b-9fcf-98d30df2e8ca|C937CE62-C4A9-131F-C96E-2DB8A9E886AB
98266047-36a0-4b86-9466-9bd26e10170c|d74bb480-eff7-457f-babf-61a7b7d68e6c|100214fa-d4f5-4f6e-ae3e-9273ea8962bf|C3CFA249-F2A3-8253-1F44-B1C594C6A8D2
5fc177c6-2668-4a0c-9480-a4cdbc853484|253f4d65-8dad-4884-a268-212e4bc0d228|2a230b36-8df8-439e-a63b-ea06473953cd|650195B6-9357-C147-C24E-7FBDAEEC74ED
c0b471b3-afb4-4073-9f22-a8012ddaedc2|9ece2cfb-25e6-4561-b601-55b5ac6a8367|de3186c9-d98d-4b00-9bc6-72e47c8513b3|C6D5BA33-C95E-BCC3-D951-2A099E5F9230
5ea1def0-9fb2-4b38-a590-373494ba51d7|7c8607dd-973e-49f9-a9a8-b857c7dde6d0|b67db680-5269-4335-a028-7a8169719257|8038D870-5455-A2D6-18A9-BD5FA1D0A10A
81d05309-2c82-4e21-9132-a2077a41c0b3|0f706606-b4de-42bc-a422-046bf7487fc1|0324cc2d-4cee-4c04-b46d-f0c9ef53385c|C937CE62-C4A9-131F-C96E-2DB8A9E886AB
ea064712-4936-4f42-a8b4-1e2b4fb4a6e4|a17ae567-0260-4778-a24d-0b69f16ddb16|1ef0495d-4c44-4565-8c69-186fad3f672e|C3CFA249-F2A3-8253-1F44-B1C594C6A8D2
1c93e715-f9a3-4b0f-8798-eec2d6f0f4d1|59ab326d-67b7-4b56-a4c5-b3e152bf7c87|2af25564-8486-4677-a574-4658527d514b|650195B6-9357-C147-C24E-7FBDAEEC74ED
18f61a04-aaeb-403e-abbb-06874b1f826f|3a9a5029-84f8-4795-b1dc-e8c30deb30c0|3d9fec5b-f176-40dd-8ebf-010d1dd1bc7d|C6D5BA33-C95E-BCC3-D951-2A099E5F9230
baef92b2-d771-47e2-b1f4-3a5ab16245dd|96d03818-c915-4698-8ec5-1882250db269|0a5159d4-1e0e-4258-a1e4-0482e06060d0|8038D870-5455-A2D6-18A9-BD5FA1D0A10A
97955a37-7be9-43a2-90ed-386556f9e20e|43c1e069-9b21-4003-bace-7efb1f1603d2|60c5c5a4-9d80-4264-8803-b02587a6c3f7|C937CE62-C4A9-131F-C96E-2DB8A9E886AB
4de6521d-6033-414e-a2d5-2c149eaf08c6|08564f1c-801d-4ff2-9e1c-71c4f52d6b11|060ca61d-c07f-4549-998e-5ab876f066e7|C3CFA249-F2A3-8253-1F44-B1C594C6A8D2
18e9a5d5-3568-409d-a0ea-26f931a08ed0|3c5fe47a-9db8-41c2-90f6-2b4991588e88|8dd4c02e-ce2e-4609-97e0-ebe5ce8a783d|650195B6-9357-C147-C24E-7FBDAEEC74ED
a4a54be2-06fd-44e7-9652-4403455a3cbe|59c0bcf3-3b1f-4b64-8a05-3e2336e07737|29cc3585-e632-4e69-be1a-e0f1d7bfb676|C6D5BA33-C95E-BCC3-D951-2A099E5F9230
541c2c2b-beb3-44b0-aed0-cd2cf5b82895|266da871-c6d2-4737-ab28-689bc9dec7e3|ab1280f9-d7da-4248-8564-b17fed484308|8038D870-5455-A2D6-18A9-BD5FA1D0A10A
72d231cd-f025-41a3-9b2c-3f7e200829da|3caaafcb-b558-4967-a838-550076cda71e|f286c752-6109-4ee7-924a-a7874efbbb27|C937CE62-C4A9-131F-C96E-2DB8A9E886AB
3e2960e3-dfcb-4028-8448-71bd937c2143|dbbea335-1d61-451d-984b-8213e6376c5e|e7a2de29-927f-43ab-861c-6db7e53b685b|C3CFA249-F2A3-8253-1F44-B1C594C6A8D2
e58316be-07b1-47b0-bc5b-bdc5f127a44a|a642a2cc-fa6e-45e6-af5f-bbe67504adee|25ed3af2-f11b-4f75-a958-0679d3b6d18a|650195B6-9357-C147-C24E-7FBDAEEC74ED
09c1079c-81cc-4b6a-b1b6-2f0ba4e12aa6|0b7d298b-f8ae-4f30-814c-61e7287c4c9f|3799be4a-bc11-4b1f-af03-a862d94a1bd5|C6D5BA33-C95E-BCC3-D951-2A099E5F9230
ceb90226-f836-435a-b0b7-bdd31419a61b|20e94452-5e46-44f7-bdb7-50589a4bb903|790b1b43-279d-479a-99c8-5ba8bc4a7b7b|8038D870-5455-A2D6-18A9-BD5FA1D0A10A
fcb8ec9c-13bf-4f7f-857d-f65dfa4c13a1|870ca8f7-fb95-4923-9571-59ae99962fbe|2e4e6e27-ee90-4a5a-b0fa-f80731014e2e|C937CE62-C4A9-131F-C96E-2DB8A9E886AB
1a93224f-656e-41c4-b463-5f5f1317950b|7d6c9672-838f-49c7-b6c2-1d22d8a60fa1|d312e301-9103-4326-93b8-fd3114264e00|C3CFA249-F2A3-8253-1F44-B1C594C6A8D2
ce003aa3-bdb9-4ea1-ae3c-f808e446db95|9b607e35-732b-477b-ab59-73420265dc6e|f128a118-554f-4862-8578-ed104e3f589e|650195B6-9357-C147-C24E-7FBDAEEC74ED
07774b16-4c0e-42b2-80ca-9f7280af39c4|5e702c39-3e12-4f9b-a828-2ffc5ab50e67|ae1a6cf6-d945-4f48-a821-085895c3965d|C6D5BA33-C95E-BCC3-D951-2A099E5F9230
5318c3cf-b8f4-4745-8c26-9b54ad62fb0c|f613f217-bae7-487c-ad70-63a10144465b|4255f837-45f0-42f4-9a0e-452a4a766875|8038D870-5455-A2D6-18A9-BD5FA1D0A10A
cdc01b3b-ca66-498b-84a0-602abb8447b7|b2115174-1db0-44e8-bd3a-1386bfab15b7|c6a46e43-9f2f-46a6-bb7e-e49f0c1a6182|C937CE62-C4A9-131F-C96E-2DB8A9E886AB
912eabbd-a50d-4b55-8b20-5b23b97f9298|dfb2fc3d-307b-4b12-a363-93aa45b3eb64|34f9ff89-bde6-4801-b32a-804c5093b44b|C3CFA249-F2A3-8253-1F44-B1C594C6A8D2
db110609-3fe9-4803-ab48-ebcda512bde4|ed4c4ea7-c1b3-42fc-bb2c-c409ab9fa72d|7d86919d-9211-4561-b8e1-e0253ec05f72|650195B6-9357-C147-C24E-7FBDAEEC74ED
03b17013-1b8a-4271-8d6f-d25b9d51454b|ef6dd054-6a73-4738-bd2e-44a3f4e314ef|3cb88247-1743-4f80-b56c-9835407a870b|C6D5BA33-C95E-BCC3-D951-2A099E5F9230
0c9030be-2b23-4db6-a2bc-7b4332ab6bfc|8bfee389-4df6-4d1c-99b8-0cb32ce4adc1|2ffe00fa-ac21-483d-9f1c-be7c521003fb|8038D870-5455-A2D6-18A9-BD5FA1D0A10A
3c2bbe40-5d7b-44a9-bbfc-d947fa572750|290a302f-7de0-4126-9a05-ab9b94a5c8a0|79ed5ffd-4465-4e56-9413-3f60095eba10|C937CE62-C4A9-131F-C96E-2DB8A9E886AB
dcbe0c79-1a0c-4a77-b160-b3dfee3ac2f6|b6594ccb-8a9d-49a4-ad3c-1225fac9a962|973f5b0d-be1d-40bb-8ced-5424674c68f2|C3CFA249-F2A3-8253-1F44-B1C594C6A8D2
4f35b82e-e615-43ff-924f-928c8f80e763|a5b6b0b1-11af-49cd-8f14-d27773be1e35|54add4ba-1f2f-4b24-b8f6-3580a5355771|650195B6-9357-C147-C24E-7FBDAEEC74ED
336233ef-d69d-4a10-b9f3-2aa82b7e1db6|4ce24dc9-bc49-4bc5-b0ae-abb105fc88fb|5a841f6a-133b-4553-888c-f807062aaa99|C6D5BA33-C95E-BCC3-D951-2A099E5F9230
64adee9d-0fb3-4e06-aeae-d357132316c9|cac0ad5b-43d2-493f-bbfc-45aa0d9c8d86|4e411cfe-3bf7-4a31-8205-8c2b670ac1db|8038D870-5455-A2D6-18A9-BD5FA1D0A10A
eb7e279e-bc39-4ef0-9146-21cbee928145|973b2b54-5ab5-4198-b99f-ba806649c859|00da3f4a-5f9a-45cd-8e9b-e77e881b9810|C937CE62-C4A9-131F-C96E-2DB8A9E886AB
a2e6e7b7-3fc8-431d-87ea-ca52f8416d40|e232d3be-b05c-44d4-b32d-e6d99f63bdf1|094def52-bc18-4a9e-9b84-c34cc6476c75|C3CFA249-F2A3-8253-1F44-B1C594C6A8D2
15a0d6de-3f3e-4459-94b7-03d0534af15c|3a7d8a7b-513d-454d-8856-c915334e19ab|e9570c5d-0cc4-41e5-81df-b0674e9dda1e|650195B6-9357-C147-C24E-7FBDAEEC74ED
7ff10be7-80f3-4736-8b91-f7a5bee878e4|64f7bf09-2038-43f8-9e4a-5587f78216b2|a118c8ea-f831-4288-986d-35e22c91fc4d|C6D5BA33-C95E-BCC3-D951-2A099E5F9230
d1e6fee7-ba6b-4515-9b87-4a1ce75c5432|8000f83e-b564-4735-b756-2cb39c8d40c5|a2688d72-291b-470c-8926-31a903f5ed0c|8038D870-5455-A2D6-18A9-BD5FA1D0A10A
94de4250-d924-4f51-a08f-1513eb3842e3|ef76b35f-0f76-48a1-b7cb-8b46103d6747|9bef62f6-e682-4efd-98e9-ca41fa4ef993|C937CE62-C4A9-131F-C96E-2DB8A9E886AB
46220af1-3016-415f-bda6-f2580a0613ad|d5244d00-fa94-4be9-9657-4605fa67561b|dd80cff2-7902-42db-a918-da139cc86d0d|C3CFA249-F2A3-8253-1F44-B1C594C6A8D2
0f355449-868a-452d-a396-9e068575fe73|51553e43-3f1f-4e1c-829b-c5574dac42a4|8669a4db-b899-489d-b469-92a9b87d0ba4|650195B6-9357-C147-C24E-7FBDAEEC74ED
982b6f9a-4046-42f4-8de0-94cb13f45f2f|6823d056-f535-4198-b14d-1e644a172714|785bd452-b325-4d96-9beb-652d8f92601e|C6D5BA33-C95E-BCC3-D951-2A099E5F9230
f7e6c396-2605-4dcc-8082-038b3c97f344|386354ee-b54b-4e1d-92cc-8113563f19d1|044fbf73-6cb3-467a-ae42-0d10ef7a8336|8038D870-5455-A2D6-18A9-BD5FA1D0A10A
dda836ea-63f5-4065-bad3-9e0f45409b3b|ff6c8446-598d-4f42-995a-c6bc554bbdc4|18066164-b147-499c-a0de-e5ff03b51e79|C937CE62-C4A9-131F-C96E-2DB8A9E886AB
5488c60d-6c6b-4e5f-8e97-1c60475aa8e4|a1846c54-3f1a-4a65-a626-da4b9b36c299|bcc1d152-3764-444d-8b58-1c389a04ae0b|C3CFA249-F2A3-8253-1F44-B1C594C6A8D2
c1ccf8a4-2dcc-4bcb-9c67-fbc7202d54d0|3b25e226-87d4-4389-b809-d61a6f92a9bd|c3bb500a-290b-473f-a943-55ced23c9845|650195B6-9357-C147-C24E-7FBDAEEC74ED
88de812a-7446-44df-8271-36c8b4958d18|8fbd895f-f88e-43b4-bb64-001381a048c3|0d559cb5-d8a7-407f-9edb-0c784e3d3f30|C6D5BA33-C95E-BCC3-D951-2A099E5F9230
4b6c5a54-edf6-4c35-8fe0-0a7760802e06|6817bdbe-65da-4e40-b3e4-b8d97aec88d2|3fbc9ab4-a310-4b6b-9fcf-98d30df2e8ca|8038D870-5455-A2D6-18A9-BD5FA1D0A10A
861e713e-e76f-4142-aaf5-eacb6113457f|46ac3d3c-755f-4c3a-88d1-5e06a64bec4e|100214fa-d4f5-4f6e-ae3e-9273ea8962bf|C937CE62-C4A9-131F-C96E-2DB8A9E886AB
42713b97-eda3-4601-911d-10b7407cf762|99803ff4-81ef-4e64-99b2-d49474fb7df3|2a230b36-8df8-439e-a63b-ea06473953cd|C3CFA249-F2A3-8253-1F44-B1C594C6A8D2
967a3d67-c044-4d42-b19d-c2009dc57cfd|38e1d4a3-25cd-4277-bcfe-dd859caf5073|de3186c9-d98d-4b00-9bc6-72e47c8513b3|650195B6-9357-C147-C24E-7FBDAEEC74ED
edf8449d-9b2d-4517-bf94-c65462e7e4fb|42a948a3-97d0-4242-a457-d9e1160a7027|b67db680-5269-4335-a028-7a8169719257|C6D5BA33-C95E-BCC3-D951-2A099E5F9230
821f614b-6e31-4d80-b1e9-c86d2b9d7824|28a9fef6-8fdf-42e5-a5d8-1a5df7f34d5d|0324cc2d-4cee-4c04-b46d-f0c9ef53385c|8038D870-5455-A2D6-18A9-BD5FA1D0A10A
eb024dcc-6f65-4644-92d2-c489b0fc7f82|bd7393ac-e8b9-49fb-a96e-64bb0d95849f|1ef0495d-4c44-4565-8c69-186fad3f672e|C937CE62-C4A9-131F-C96E-2DB8A9E886AB
11b2e9ad-4b72-43e3-8be4-55eceb47ec89|768c1a2e-31e6-45da-8ab7-ee171e04e90c|2af25564-8486-4677-a574-4658527d514b|C3CFA249-F2A3-8253-1F44-B1C594C6A8D2
6a933f1d-6e2d-43f9-bb07-0c9fa00bc212|e7926893-e98a-418f-87af-1e516e8fbc04|3d9fec5b-f176-40dd-8ebf-010d1dd1bc7d|650195B6-9357-C147-C24E-7FBDAEEC74ED
438a574b-6be6-4254-ae4a-f3e1c0f90741|a241b902-9bfd-495d-a737-080b4b04ab21|0a5159d4-1e0e-4258-a1e4-0482e06060d0|C6D5BA33-C95E-BCC3-D951-2A099E5F9230
6877a94a-e53c-4797-a909-bcc8281a7e9f|d74ecca2-ac3f-4df9-bc5b-507521876cf9|60c5c5a4-9d80-4264-8803-b02587a6c3f7|8038D870-5455-A2D6-18A9-BD5FA1D0A10A
3b5b9f86-8dcd-495c-abb3-2701620f2c91|d4c93b31-2277-4766-ba31-c8f10d776595|060ca61d-c07f-4549-998e-5ab876f066e7|C937CE62-C4A9-131F-C96E-2DB8A9E886AB
889f15be-6614-45a2-959f-48ff9093a08f|02175479-98e7-44be-a489-483739ac81cf|8dd4c02e-ce2e-4609-97e0-ebe5ce8a783d|C3CFA249-F2A3-8253-1F44-B1C594C6A8D2
fc86f395-4327-449f-a623-4332f4eea08d|77f2d507-ce0a-44a4-a20c-b5617d2709d7|29cc3585-e632-4e69-be1a-e0f1d7bfb676|650195B6-9357-C147-C24E-7FBDAEEC74ED
a00895d8-c85d-40fb-8acd-b733935def25|c79dc57e-3fe9-428d-9237-bad7568e0d52|ab1280f9-d7da-4248-8564-b17fed484308|C6D5BA33-C95E-BCC3-D951-2A099E5F9230
d0a95722-e4f2-4763-969d-131c93a1a8ad|a89649b7-1842-409a-93f9-179e3253bd55|f286c752-6109-4ee7-924a-a7874efbbb27|8038D870-5455-A2D6-18A9-BD5FA1D0A10A
a719df83-de6f-43e4-b43d-826c0a203a53|d50694c9-df9e-4b9e-99ea-2efb2fe9fe1e|e7a2de29-927f-43ab-861c-6db7e53b685b|C937CE62-C4A9-131F-C96E-2DB8A9E886AB
6ec6c8b8-d830-4507-81eb-951596b3f67e|17e9e374-1f96-4338-a7f5-4316d63b65cb|25ed3af2-f11b-4f75-a958-0679d3b6d18a|C3CFA249-F2A3-8253-1F44-B1C594C6A8D2
a7d69f8d-5718-4c27-b09c-b9c3e1428c98|b74a301d-73ff-488e-84c7-217e0f91ee61|3799be4a-bc11-4b1f-af03-a862d94a1bd5|650195B6-9357-C147-C24E-7FBDAEEC74ED
bc2284b0-6876-46f1-8b07-31ad0492f9bb|85d2169e-f828-4e95-b9cb-73d1b3fc34bc|790b1b43-279d-479a-99c8-5ba8bc4a7b7b|C6D5BA33-C95E-BCC3-D951-2A099E5F9230
e8f4bad4-e1e0-4429-b31f-a76424c9dc65|b383085a-e16f-49b9-aac0-d9b3db36a72e|2e4e6e27-ee90-4a5a-b0fa-f80731014e2e|8038D870-5455-A2D6-18A9-BD5FA1D0A10A
27c9a973-2314-4f9c-a673-6e62f2904936|9fc70db6-80af-40d2-9262-71d425e356f0|d312e301-9103-4326-93b8-fd3114264e00|C937CE62-C4A9-131F-C96E-2DB8A9E886AB
aff599d4-9b9d-44e2-9704-63ae05c0f90a|cd44cc9e-8cf3-4e8d-8295-640dcf791104|f128a118-554f-4862-8578-ed104e3f589e|C3CFA249-F2A3-8253-1F44-B1C594C6A8D2
20731658-ee08-48f9-9691-f27cf9affa99|8354ea16-0a72-4ebe-b189-b141ec297464|ae1a6cf6-d945-4f48-a821-085895c3965d|650195B6-9357-C147-C24E-7FBDAEEC74ED
c5808924-15ae-4f91-adea-9c0565f3262e|43faeed5-067e-475f-8507-991eff770e02|4255f837-45f0-42f4-9a0e-452a4a766875|C6D5BA33-C95E-BCC3-D951-2A099E5F9230
80eb5616-2298-4fc2-a514-a4655829e865|0103b2be-b1df-4a89-95f1-9b7cb6d400ff|c6a46e43-9f2f-46a6-bb7e-e49f0c1a6182|8038D870-5455-A2D6-18A9-BD5FA1D0A10A
5afb898b-d1f5-4c29-88fb-1277c629bcbd|5b7c4b7c-e1a5-4924-af08-921d23ece4d0|34f9ff89-bde6-4801-b32a-804c5093b44b|C937CE62-C4A9-131F-C96E-2DB8A9E886AB
f76d5e7e-1f77-47e2-a740-85d4b4e3b21c|994a0e29-eb63-4ef1-a7de-9b1d609205e8|7d86919d-9211-4561-b8e1-e0253ec05f72|C3CFA249-F2A3-8253-1F44-B1C594C6A8D2
943233b6-268d-4059-b2ae-e5058706f75f|6d5dfeea-0cae-442a-8657-913390afc5a7|3cb88247-1743-4f80-b56c-9835407a870b|650195B6-9357-C147-C24E-7FBDAEEC74ED
d0b2d42b-ad67-433c-b774-ca709685ae4d|697f1460-cef1-45d0-a2fe-d91ac498185d|2ffe00fa-ac21-483d-9f1c-be7c521003fb|C6D5BA33-C95E-BCC3-D951-2A099E5F9230
49851971-d4f1-450a-afce-ce029c0ebfde|0a5f25f3-adc2-4c9f-8e00-8d0f89d42ce8|79ed5ffd-4465-4e56-9413-3f60095eba10|8038D870-5455-A2D6-18A9-BD5FA1D0A10A
088f48af-9367-4af0-98b6-b2f54983792c|ee5c8c22-7004-4aa3-aa13-935a8334570b|973f5b0d-be1d-40bb-8ced-5424674c68f2|C937CE62-C4A9-131F-C96E-2DB8A9E886AB
aa828102-afc8-4101-baf0-2ea0d86a7c16|b0837c4e-c3e0-4c96-94cb-fda5ba527872|54add4ba-1f2f-4b24-b8f6-3580a5355771|C3CFA249-F2A3-8253-1F44-B1C594C6A8D2
48f17ee3-e7a4-4906-8f4b-53dbc104ac40|602e68e1-5cc1-4ce6-aa2f-aab730e34535|5a841f6a-133b-4553-888c-f807062aaa99|650195B6-9357-C147-C24E-7FBDAEEC74ED
8bee7eea-45ad-4eae-bb85-a974e41cf681|b9065130-f924-4d95-bce5-8e78db0eeea1|4e411cfe-3bf7-4a31-8205-8c2b670ac1db|C6D5BA33-C95E-BCC3-D951-2A099E5F9230
29c70ca6-d898-4df8-9225-b7e17f73b85e|02c65595-0ab9-4580-bbb1-eb7f8d345025|00da3f4a-5f9a-45cd-8e9b-e77e881b9810|8038D870-5455-A2D6-18A9-BD5FA1D0A10A
5a754158-41d8-4226-98c3-c62522de1b03|971efc29-3133-4b96-9ae7-df5a1223c948|094def52-bc18-4a9e-9b84-c34cc6476c75|C937CE62-C4A9-131F-C96E-2DB8A9E886AB
8abd7b54-e053-49b3-a529-552fc43b986c|84f86b24-346b-46f1-a253-8a0fff1d35e3|e9570c5d-0cc4-41e5-81df-b0674e9dda1e|C3CFA249-F2A3-8253-1F44-B1C594C6A8D2
7384b6ff-9c97-44c1-b382-94ac3bd60363|fd599e14-a234-4a6a-bca0-8864bedd8472|a118c8ea-f831-4288-986d-35e22c91fc4d|650195B6-9357-C147-C24E-7FBDAEEC74ED
dcc97254-3d32-46fe-bb70-89f144cf3bab|556e1c97-362c-4410-8e92-cd287e4c5c9b|a2688d72-291b-470c-8926-31a903f5ed0c|C6D5BA33-C95E-BCC3-D951-2A099E5F9230
abc03dda-a020-41fb-a561-d7f1e25ade10|8b2900c2-fa2c-4ca8-9a21-c5c24143442f|9bef62f6-e682-4efd-98e9-ca41fa4ef993|8038D870-5455-A2D6-18A9-BD5FA1D0A10A
4cbdda39-5f33-406b-a33f-e9afb70851c5|4aa7446f-dbd5-4a04-90cf-2cdf62911a5f|dd80cff2-7902-42db-a918-da139cc86d0d|C937CE62-C4A9-131F-C96E-2DB8A9E886AB
