uuid|Name|Description|Account UUID|Status UUID
556e1c97-362c-4410-8e92-cd287e4c5c9b|Irene Koki Mutungi|To call soon|650195B6-9357-C147-C24E-7FBDAEEC74ED|5A13538F-AC41-FDE2-4CD6-B939FA03123B
8b2900c2-fa2c-4ca8-9a21-c5c24143442f|Hilda Gullacksen||650195B6-9357-C147-C24E-7FBDAEEC74ED|5A13538F-AC41-FDE2-4CD6-B939FA03123B
4aa7446f-dbd5-4a04-90cf-2cdf62911a5f|Susan Omeara||650195B6-9357-C147-C24E-7FBDAEEC74ED|5A13538F-AC41-FDE2-4CD6-B939FA03123B
e4d6df82-f93c-4275-9cb0-ba7f2ad0fd99|Eve Njeru||650195B6-9357-C147-C24E-7FBDAEEC74ED|5A13538F-AC41-FDE2-4CD6-B939FA03123B
3fc96ad6-3bd4-4eab-aca2-768132f70586|Beatrice Nyabira|Someone important.|C937CE62-C4A9-131F-C96E-2DB8A9E886AB|5A13538F-AC41-FDE2-4CD6-B939FA03123B
2163c4ec-ee58-4d24-8a5e-c72a77ec96e0|Jimmy Mbugua||C3CFA249-F2A3-8253-1F44-B1C594C6A8D2|5A13538F-AC41-FDE2-4CD6-B939FA03123B
a0704f61-fd11-4f22-ac08-44a05015e6b8|Storm Mason||650195B6-9357-C147-C24E-7FBDAEEC74ED|5A13538F-AC41-FDE2-4CD6-B939FA03123B
e0935818-1140-4379-906a-49c028959a12|Annabel Onyango||C6D5BA33-C95E-BCC3-D951-2A099E5F9230|5A13538F-AC41-FDE2-4CD6-B939FA03123B
ae1a1fa1-476b-42e4-8aa2-eb695d552f89|Rinu Kalsi||8038D870-5455-A2D6-18A9-BD5FA1D0A10A|5A13538F-AC41-FDE2-4CD6-B939FA03123B
3aab678b-08d2-4962-af41-70785b98f9d5|Sarah Hassan||C937CE62-C4A9-131F-C96E-2DB8A9E886AB|5A13538F-AC41-FDE2-4CD6-B939FA03123B
b1a27e1b-ad55-4383-af9a-573083325c8e|Reuben Odanga||C3CFA249-F2A3-8253-1F44-B1C594C6A8D2|5A13538F-AC41-FDE2-4CD6-B939FA03123B
c26ce10d-d5ff-44eb-afb0-4ba03fa91eca|Jessica Gamburg||650195B6-9357-C147-C24E-7FBDAEEC74ED|5A13538F-AC41-FDE2-4CD6-B939FA03123B
d74bb480-eff7-457f-babf-61a7b7d68e6c|Kelvin Muruthi||C6D5BA33-C95E-BCC3-D951-2A099E5F9230|5A13538F-AC41-FDE2-4CD6-B939FA03123B
253f4d65-8dad-4884-a268-212e4bc0d228|Issa Dassidi||8038D870-5455-A2D6-18A9-BD5FA1D0A10A|5A13538F-AC41-FDE2-4CD6-B939FA03123B
9ece2cfb-25e6-4561-b601-55b5ac6a8367|Lona Brooks||C937CE62-C4A9-131F-C96E-2DB8A9E886AB|5A13538F-AC41-FDE2-4CD6-B939FA03123B
7c8607dd-973e-49f9-a9a8-b857c7dde6d0|Nardos Adut||C3CFA249-F2A3-8253-1F44-B1C594C6A8D2|5A13538F-AC41-FDE2-4CD6-B939FA03123B
0f706606-b4de-42bc-a422-046bf7487fc1|Mwanakombo Hussein||650195B6-9357-C147-C24E-7FBDAEEC74ED|5A13538F-AC41-FDE2-4CD6-B939FA03123B
a17ae567-0260-4778-a24d-0b69f16ddb16|Anne Mathenge||C6D5BA33-C95E-BCC3-D951-2A099E5F9230|5A13538F-AC41-FDE2-4CD6-B939FA03123B
59ab326d-67b7-4b56-a4c5-b3e152bf7c87|Iritha||8038D870-5455-A2D6-18A9-BD5FA1D0A10A|5A13538F-AC41-FDE2-4CD6-B939FA03123B
3a9a5029-84f8-4795-b1dc-e8c30deb30c0|Abdalla Khamis||C937CE62-C4A9-131F-C96E-2DB8A9E886AB|5A13538F-AC41-FDE2-4CD6-B939FA03123B
96d03818-c915-4698-8ec5-1882250db269|Shannan Marr||C3CFA249-F2A3-8253-1F44-B1C594C6A8D2|5A13538F-AC41-FDE2-4CD6-B939FA03123B
43c1e069-9b21-4003-bace-7efb1f1603d2|Jay kimmelmn||650195B6-9357-C147-C24E-7FBDAEEC74ED|5A13538F-AC41-FDE2-4CD6-B939FA03123B
08564f1c-801d-4ff2-9e1c-71c4f52d6b11|Lydia Kaindi||C6D5BA33-C95E-BCC3-D951-2A099E5F9230|5A13538F-AC41-FDE2-4CD6-B939FA03123B
3c5fe47a-9db8-41c2-90f6-2b4991588e88|Alexandra Ogare||8038D870-5455-A2D6-18A9-BD5FA1D0A10A|5A13538F-AC41-FDE2-4CD6-B939FA03123B
59c0bcf3-3b1f-4b64-8a05-3e2336e07737|Nachomi||C937CE62-C4A9-131F-C96E-2DB8A9E886AB|5A13538F-AC41-FDE2-4CD6-B939FA03123B
266da871-c6d2-4737-ab28-689bc9dec7e3|Sandra Carter||C3CFA249-F2A3-8253-1F44-B1C594C6A8D2|5A13538F-AC41-FDE2-4CD6-B939FA03123B
3caaafcb-b558-4967-a838-550076cda71e|Samantha Spooner||650195B6-9357-C147-C24E-7FBDAEEC74ED|5A13538F-AC41-FDE2-4CD6-B939FA03123B
dbbea335-1d61-451d-984b-8213e6376c5e|Jane Mulinge||C6D5BA33-C95E-BCC3-D951-2A099E5F9230|5A13538F-AC41-FDE2-4CD6-B939FA03123B
a642a2cc-fa6e-45e6-af5f-bbe67504adee|Julie Hart||8038D870-5455-A2D6-18A9-BD5FA1D0A10A|5A13538F-AC41-FDE2-4CD6-B939FA03123B
0b7d298b-f8ae-4f30-814c-61e7287c4c9f|Edward Owens||C937CE62-C4A9-131F-C96E-2DB8A9E886AB|5A13538F-AC41-FDE2-4CD6-B939FA03123B
20e94452-5e46-44f7-bdb7-50589a4bb903|Matthew Garza||C3CFA249-F2A3-8253-1F44-B1C594C6A8D2|5A13538F-AC41-FDE2-4CD6-B939FA03123B
870ca8f7-fb95-4923-9571-59ae99962fbe|Paul Dean||650195B6-9357-C147-C24E-7FBDAEEC74ED|5A13538F-AC41-FDE2-4CD6-B939FA03123B
7d6c9672-838f-49c7-b6c2-1d22d8a60fa1|Roy Collins||C6D5BA33-C95E-BCC3-D951-2A099E5F9230|5A13538F-AC41-FDE2-4CD6-B939FA03123B
9b607e35-732b-477b-ab59-73420265dc6e|Eugene Campbell||8038D870-5455-A2D6-18A9-BD5FA1D0A10A|5A13538F-AC41-FDE2-4CD6-B939FA03123B
5e702c39-3e12-4f9b-a828-2ffc5ab50e67|Annie Mason||C937CE62-C4A9-131F-C96E-2DB8A9E886AB|5A13538F-AC41-FDE2-4CD6-B939FA03123B
f613f217-bae7-487c-ad70-63a10144465b|Shawn Evans||C3CFA249-F2A3-8253-1F44-B1C594C6A8D2|5A13538F-AC41-FDE2-4CD6-B939FA03123B
b2115174-1db0-44e8-bd3a-1386bfab15b7|Kathleen Montgomery||650195B6-9357-C147-C24E-7FBDAEEC74ED|5A13538F-AC41-FDE2-4CD6-B939FA03123B
dfb2fc3d-307b-4b12-a363-93aa45b3eb64|Samuel Welch||C6D5BA33-C95E-BCC3-D951-2A099E5F9230|5A13538F-AC41-FDE2-4CD6-B939FA03123B
ed4c4ea7-c1b3-42fc-bb2c-c409ab9fa72d|Irene Weaver||8038D870-5455-A2D6-18A9-BD5FA1D0A10A|5A13538F-AC41-FDE2-4CD6-B939FA03123B
ef6dd054-6a73-4738-bd2e-44a3f4e314ef|Dorothy Martinez||C937CE62-C4A9-131F-C96E-2DB8A9E886AB|5A13538F-AC41-FDE2-4CD6-B939FA03123B
8bfee389-4df6-4d1c-99b8-0cb32ce4adc1|Janet Gilbert||C3CFA249-F2A3-8253-1F44-B1C594C6A8D2|5A13538F-AC41-FDE2-4CD6-B939FA03123B
290a302f-7de0-4126-9a05-ab9b94a5c8a0|Adam Riley||650195B6-9357-C147-C24E-7FBDAEEC74ED|5A13538F-AC41-FDE2-4CD6-B939FA03123B
b6594ccb-8a9d-49a4-ad3c-1225fac9a962|Nicholas Hall||C6D5BA33-C95E-BCC3-D951-2A099E5F9230|5A13538F-AC41-FDE2-4CD6-B939FA03123B
a5b6b0b1-11af-49cd-8f14-d27773be1e35|Jennifer Foster||8038D870-5455-A2D6-18A9-BD5FA1D0A10A|5A13538F-AC41-FDE2-4CD6-B939FA03123B
4ce24dc9-bc49-4bc5-b0ae-abb105fc88fb|Kathleen Hawkins||C937CE62-C4A9-131F-C96E-2DB8A9E886AB|5A13538F-AC41-FDE2-4CD6-B939FA03123B
cac0ad5b-43d2-493f-bbfc-45aa0d9c8d86|Joe Hunt||C3CFA249-F2A3-8253-1F44-B1C594C6A8D2|5A13538F-AC41-FDE2-4CD6-B939FA03123B
973b2b54-5ab5-4198-b99f-ba806649c859|Tina Lewis||650195B6-9357-C147-C24E-7FBDAEEC74ED|5A13538F-AC41-FDE2-4CD6-B939FA03123B
e232d3be-b05c-44d4-b32d-e6d99f63bdf1|Earl Cooper||650195B6-9357-C147-C24E-7FBDAEEC74ED|5A13538F-AC41-FDE2-4CD6-B939FA03123B
3a7d8a7b-513d-454d-8856-c915334e19ab|Brian Collins||650195B6-9357-C147-C24E-7FBDAEEC74ED|5A13538F-AC41-FDE2-4CD6-B939FA03123B
64f7bf09-2038-43f8-9e4a-5587f78216b2|Scott Fox||650195B6-9357-C147-C24E-7FBDAEEC74ED|5A13538F-AC41-FDE2-4CD6-B939FA03123B
8000f83e-b564-4735-b756-2cb39c8d40c5|Brandon Perry||650195B6-9357-C147-C24E-7FBDAEEC74ED|5A13538F-AC41-FDE2-4CD6-B939FA03123B
ef76b35f-0f76-48a1-b7cb-8b46103d6747|Robert Larson||650195B6-9357-C147-C24E-7FBDAEEC74ED|5A13538F-AC41-FDE2-4CD6-B939FA03123B
d5244d00-fa94-4be9-9657-4605fa67561b|Amy Duncan||650195B6-9357-C147-C24E-7FBDAEEC74ED|5A13538F-AC41-FDE2-4CD6-B939FA03123B
51553e43-3f1f-4e1c-829b-c5574dac42a4|Chris Morgan||650195B6-9357-C147-C24E-7FBDAEEC74ED|5A13538F-AC41-FDE2-4CD6-B939FA03123B
6823d056-f535-4198-b14d-1e644a172714|Philip Miller||C937CE62-C4A9-131F-C96E-2DB8A9E886AB|5A13538F-AC41-FDE2-4CD6-B939FA03123B
386354ee-b54b-4e1d-92cc-8113563f19d1|Kathy Washington||C3CFA249-F2A3-8253-1F44-B1C594C6A8D2|5A13538F-AC41-FDE2-4CD6-B939FA03123B
ff6c8446-598d-4f42-995a-c6bc554bbdc4|Barbara Howard||650195B6-9357-C147-C24E-7FBDAEEC74ED|5A13538F-AC41-FDE2-4CD6-B939FA03123B
a1846c54-3f1a-4a65-a626-da4b9b36c299|Shawn Johnson||C6D5BA33-C95E-BCC3-D951-2A099E5F9230|5A13538F-AC41-FDE2-4CD6-B939FA03123B
3b25e226-87d4-4389-b809-d61a6f92a9bd|Diane Morris||8038D870-5455-A2D6-18A9-BD5FA1D0A10A|5A13538F-AC41-FDE2-4CD6-B939FA03123B
8fbd895f-f88e-43b4-bb64-001381a048c3|Irene Mcdonald||C937CE62-C4A9-131F-C96E-2DB8A9E886AB|5A13538F-AC41-FDE2-4CD6-B939FA03123B
6817bdbe-65da-4e40-b3e4-b8d97aec88d2|Philip Hudson||C3CFA249-F2A3-8253-1F44-B1C594C6A8D2|5A13538F-AC41-FDE2-4CD6-B939FA03123B
46ac3d3c-755f-4c3a-88d1-5e06a64bec4e|Louise Taylor||650195B6-9357-C147-C24E-7FBDAEEC74ED|5A13538F-AC41-FDE2-4CD6-B939FA03123B
99803ff4-81ef-4e64-99b2-d49474fb7df3|Peter Carroll||C6D5BA33-C95E-BCC3-D951-2A099E5F9230|5A13538F-AC41-FDE2-4CD6-B939FA03123B
38e1d4a3-25cd-4277-bcfe-dd859caf5073|Jeremy Hill||8038D870-5455-A2D6-18A9-BD5FA1D0A10A|5A13538F-AC41-FDE2-4CD6-B939FA03123B
42a948a3-97d0-4242-a457-d9e1160a7027|Jeremy Johnson||C937CE62-C4A9-131F-C96E-2DB8A9E886AB|5A13538F-AC41-FDE2-4CD6-B939FA03123B
28a9fef6-8fdf-42e5-a5d8-1a5df7f34d5d|Cheryl Garrett||C3CFA249-F2A3-8253-1F44-B1C594C6A8D2|5A13538F-AC41-FDE2-4CD6-B939FA03123B
bd7393ac-e8b9-49fb-a96e-64bb0d95849f|Joshua Peters||650195B6-9357-C147-C24E-7FBDAEEC74ED|5A13538F-AC41-FDE2-4CD6-B939FA03123B
768c1a2e-31e6-45da-8ab7-ee171e04e90c|Michelle Johnston||C6D5BA33-C95E-BCC3-D951-2A099E5F9230|5A13538F-AC41-FDE2-4CD6-B939FA03123B
e7926893-e98a-418f-87af-1e516e8fbc04|Edward Cook||8038D870-5455-A2D6-18A9-BD5FA1D0A10A|5A13538F-AC41-FDE2-4CD6-B939FA03123B
a241b902-9bfd-495d-a737-080b4b04ab21|Mary Carpenter||C937CE62-C4A9-131F-C96E-2DB8A9E886AB|5A13538F-AC41-FDE2-4CD6-B939FA03123B
d74ecca2-ac3f-4df9-bc5b-507521876cf9|Matthew Ward||C3CFA249-F2A3-8253-1F44-B1C594C6A8D2|5A13538F-AC41-FDE2-4CD6-B939FA03123B
d4c93b31-2277-4766-ba31-c8f10d776595|John Jordan||650195B6-9357-C147-C24E-7FBDAEEC74ED|5A13538F-AC41-FDE2-4CD6-B939FA03123B
02175479-98e7-44be-a489-483739ac81cf|Jessica Morales||C6D5BA33-C95E-BCC3-D951-2A099E5F9230|5A13538F-AC41-FDE2-4CD6-B939FA03123B
77f2d507-ce0a-44a4-a20c-b5617d2709d7|Ronald Marshall||8038D870-5455-A2D6-18A9-BD5FA1D0A10A|5A13538F-AC41-FDE2-4CD6-B939FA03123B
c79dc57e-3fe9-428d-9237-bad7568e0d52|Linda Smith||C937CE62-C4A9-131F-C96E-2DB8A9E886AB|5A13538F-AC41-FDE2-4CD6-B939FA03123B
a89649b7-1842-409a-93f9-179e3253bd55|Terry Nguyen||C3CFA249-F2A3-8253-1F44-B1C594C6A8D2|5A13538F-AC41-FDE2-4CD6-B939FA03123B
d50694c9-df9e-4b9e-99ea-2efb2fe9fe1e|Eugene George||650195B6-9357-C147-C24E-7FBDAEEC74ED|5A13538F-AC41-FDE2-4CD6-B939FA03123B
17e9e374-1f96-4338-a7f5-4316d63b65cb|Heather Carroll||C6D5BA33-C95E-BCC3-D951-2A099E5F9230|5A13538F-AC41-FDE2-4CD6-B939FA03123B
b74a301d-73ff-488e-84c7-217e0f91ee61|Peter Mills||8038D870-5455-A2D6-18A9-BD5FA1D0A10A|5A13538F-AC41-FDE2-4CD6-B939FA03123B
85d2169e-f828-4e95-b9cb-73d1b3fc34bc|Lawrence Olson||C937CE62-C4A9-131F-C96E-2DB8A9E886AB|5A13538F-AC41-FDE2-4CD6-B939FA03123B
b383085a-e16f-49b9-aac0-d9b3db36a72e|Margaret Carter||C3CFA249-F2A3-8253-1F44-B1C594C6A8D2|5A13538F-AC41-FDE2-4CD6-B939FA03123B
9fc70db6-80af-40d2-9262-71d425e356f0|Arthur Martinez||650195B6-9357-C147-C24E-7FBDAEEC74ED|5A13538F-AC41-FDE2-4CD6-B939FA03123B
cd44cc9e-8cf3-4e8d-8295-640dcf791104|Janice Lewis||C6D5BA33-C95E-BCC3-D951-2A099E5F9230|5A13538F-AC41-FDE2-4CD6-B939FA03123B
8354ea16-0a72-4ebe-b189-b141ec297464|Jane Austin||8038D870-5455-A2D6-18A9-BD5FA1D0A10A|5A13538F-AC41-FDE2-4CD6-B939FA03123B
43faeed5-067e-475f-8507-991eff770e02|Jerry Kelley||C937CE62-C4A9-131F-C96E-2DB8A9E886AB|5A13538F-AC41-FDE2-4CD6-B939FA03123B
0103b2be-b1df-4a89-95f1-9b7cb6d400ff|Brian Schmidt||C3CFA249-F2A3-8253-1F44-B1C594C6A8D2|5A13538F-AC41-FDE2-4CD6-B939FA03123B
5b7c4b7c-e1a5-4924-af08-921d23ece4d0|Paula Wright||650195B6-9357-C147-C24E-7FBDAEEC74ED|5A13538F-AC41-FDE2-4CD6-B939FA03123B
994a0e29-eb63-4ef1-a7de-9b1d609205e8|Carol Nichols||C6D5BA33-C95E-BCC3-D951-2A099E5F9230|5A13538F-AC41-FDE2-4CD6-B939FA03123B
6d5dfeea-0cae-442a-8657-913390afc5a7|Willie Pierce||8038D870-5455-A2D6-18A9-BD5FA1D0A10A|5A13538F-AC41-FDE2-4CD6-B939FA03123B
697f1460-cef1-45d0-a2fe-d91ac498185d|Ashley Brooks||C937CE62-C4A9-131F-C96E-2DB8A9E886AB|5A13538F-AC41-FDE2-4CD6-B939FA03123B
0a5f25f3-adc2-4c9f-8e00-8d0f89d42ce8|George Ramirez||C3CFA249-F2A3-8253-1F44-B1C594C6A8D2|5A13538F-AC41-FDE2-4CD6-B939FA03123B
ee5c8c22-7004-4aa3-aa13-935a8334570b|Martha Anderson||650195B6-9357-C147-C24E-7FBDAEEC74ED|5A13538F-AC41-FDE2-4CD6-B939FA03123B
b0837c4e-c3e0-4c96-94cb-fda5ba527872|Jane Phillips||C6D5BA33-C95E-BCC3-D951-2A099E5F9230|5A13538F-AC41-FDE2-4CD6-B939FA03123B
602e68e1-5cc1-4ce6-aa2f-aab730e34535|Michael Gordon||8038D870-5455-A2D6-18A9-BD5FA1D0A10A|5A13538F-AC41-FDE2-4CD6-B939FA03123B
b9065130-f924-4d95-bce5-8e78db0eeea1|Jean Fields||C937CE62-C4A9-131F-C96E-2DB8A9E886AB|5A13538F-AC41-FDE2-4CD6-B939FA03123B
02c65595-0ab9-4580-bbb1-eb7f8d345025|Carlos Banks||C3CFA249-F2A3-8253-1F44-B1C594C6A8D2|5A13538F-AC41-FDE2-4CD6-B939FA03123B
971efc29-3133-4b96-9ae7-df5a1223c948|Victor Jacobs||650195B6-9357-C147-C24E-7FBDAEEC74ED|5A13538F-AC41-FDE2-4CD6-B939FA03123B
84f86b24-346b-46f1-a253-8a0fff1d35e3|Katherine Ortiz||650195B6-9357-C147-C24E-7FBDAEEC74ED|5A13538F-AC41-FDE2-4CD6-B939FA03123B
fd599e14-a234-4a6a-bca0-8864bedd8472|Kathy Bishop||650195B6-9357-C147-C24E-7FBDAEEC74ED|5A13538F-AC41-FDE2-4CD6-B939FA03123B
332053b8-c67a-4035-a74c-b25713333bd3|Kathleen Arnold||C937CE62-C4A9-131F-C96E-2DB8A9E886AB|5A13538F-AC41-FDE2-4CD6-B939FA03123B
7e67d596-1b50-4c66-b63f-d008dd20bb7f|Martin Tucker||C3CFA249-F2A3-8253-1F44-B1C594C6A8D2|5A13538F-AC41-FDE2-4CD6-B939FA03123B
1aba3333-136e-479e-b76b-88357c48fbed|Anna Duncan||650195B6-9357-C147-C24E-7FBDAEEC74ED|5A13538F-AC41-FDE2-4CD6-B939FA03123B
5abcf693-a4e0-4129-b7f7-a2908bc5527b|Melissa Fisher||C6D5BA33-C95E-BCC3-D951-2A099E5F9230|5A13538F-AC41-FDE2-4CD6-B939FA03123B
b9b8f845-5107-4da9-a9fc-6e284dc7d2ac|Craig Stanley||8038D870-5455-A2D6-18A9-BD5FA1D0A10A|5A13538F-AC41-FDE2-4CD6-B939FA03123B
4c4f8397-5ff1-4af3-a078-16ff987717f5|Lois Russell||C937CE62-C4A9-131F-C96E-2DB8A9E886AB|5A13538F-AC41-FDE2-4CD6-B939FA03123B
30d67bc2-43e2-4738-8813-0eb3c9fc87ea|Harold Morrison||C3CFA249-F2A3-8253-1F44-B1C594C6A8D2|5A13538F-AC41-FDE2-4CD6-B939FA03123B
1c1632f3-88da-4d00-b87c-86fc65930f8c|Ryan Grant||650195B6-9357-C147-C24E-7FBDAEEC74ED|5A13538F-AC41-FDE2-4CD6-B939FA03123B
8d5c8865-3988-4a8c-b2ba-ca1395bb1cb2|Arthur Morrison||C6D5BA33-C95E-BCC3-D951-2A099E5F9230|5A13538F-AC41-FDE2-4CD6-B939FA03123B
5c66da98-26fa-4622-8a0c-e5509c8b4472|Alan Kennedy||8038D870-5455-A2D6-18A9-BD5FA1D0A10A|5A13538F-AC41-FDE2-4CD6-B939FA03123B
63183a42-6b17-4b03-8238-8efa92150898|Sandra Price||C937CE62-C4A9-131F-C96E-2DB8A9E886AB|5A13538F-AC41-FDE2-4CD6-B939FA03123B
fd07d371-238e-4768-9cd1-26599d30ae72|Donald Ryan||C3CFA249-F2A3-8253-1F44-B1C594C6A8D2|5A13538F-AC41-FDE2-4CD6-B939FA03123B
f6d528fc-7104-42b4-b6e2-b1775ab7026b|Edward Schmidt||650195B6-9357-C147-C24E-7FBDAEEC74ED|5A13538F-AC41-FDE2-4CD6-B939FA03123B
7166d3bb-4b16-41a8-99b6-97986fab3ba5|Wanda Holmes||C6D5BA33-C95E-BCC3-D951-2A099E5F9230|5A13538F-AC41-FDE2-4CD6-B939FA03123B
01a7d888-eafa-4b11-bf4e-ea35af046ce1|Steven Burton||8038D870-5455-A2D6-18A9-BD5FA1D0A10A|5A13538F-AC41-FDE2-4CD6-B939FA03123B
4e2d74ec-a27f-4b81-aff2-d0307d664934|Martin Adams||C937CE62-C4A9-131F-C96E-2DB8A9E886AB|5A13538F-AC41-FDE2-4CD6-B939FA03123B
b6b9af23-7cea-4e8b-a4f5-99c3377496fa|Annie Dean||C3CFA249-F2A3-8253-1F44-B1C594C6A8D2|5A13538F-AC41-FDE2-4CD6-B939FA03123B
c3798304-1019-494a-8710-6f7fd0543d20|Elizabeth Lawrence||650195B6-9357-C147-C24E-7FBDAEEC74ED|5A13538F-AC41-FDE2-4CD6-B939FA03123B
becc9a59-22be-41e5-a293-d9c6763c47ce|Debra Robertson||C6D5BA33-C95E-BCC3-D951-2A099E5F9230|5A13538F-AC41-FDE2-4CD6-B939FA03123B
2e9c0443-d2d3-4414-a5ec-f168f6ca7715|Rose Stanley||8038D870-5455-A2D6-18A9-BD5FA1D0A10A|5A13538F-AC41-FDE2-4CD6-B939FA03123B
3c552f1f-e85b-4670-b368-33e14da389b8|Jean Russell||C937CE62-C4A9-131F-C96E-2DB8A9E886AB|5A13538F-AC41-FDE2-4CD6-B939FA03123B
4830d3ce-6cd1-4da1-9dd3-08aad71c4763|Vicky Rose||C3CFA249-F2A3-8253-1F44-B1C594C6A8D2|5A13538F-AC41-FDE2-4CD6-B939FA03123B
11a487ed-df61-4085-b8a1-92d52ec990f7|Annie Markham||650195B6-9357-C147-C24E-7FBDAEEC74ED|5A13538F-AC41-FDE2-4CD6-B939FA03123B
b301de28-9184-4bca-b6ae-7f6d7b1cee32|Liz Jarman||C6D5BA33-C95E-BCC3-D951-2A099E5F9230|5A13538F-AC41-FDE2-4CD6-B939FA03123B
ef7e1461-23a5-4dcd-9120-3128842eb2e6|Sammy Gannam||8038D870-5455-A2D6-18A9-BD5FA1D0A10A|5A13538F-AC41-FDE2-4CD6-B939FA03123B
62e4fa4d-b536-4484-a91b-a099bc0e7e91|Robert Majinde||C937CE62-C4A9-131F-C96E-2DB8A9E886AB|5A13538F-AC41-FDE2-4CD6-B939FA03123B
7acb9b71-4a72-4ba0-ac8a-613c7f83d04a|Greg Quee||C3CFA249-F2A3-8253-1F44-B1C594C6A8D2|5A13538F-AC41-FDE2-4CD6-B939FA03123B
7d4d7ca0-80b1-4c07-86f6-65e8e7f93655|Joseph Maina Kimani||650195B6-9357-C147-C24E-7FBDAEEC74ED|5A13538F-AC41-FDE2-4CD6-B939FA03123B
057f1b57-0a06-4367-8228-c39e6cafade8|Jordyn Wells||C6D5BA33-C95E-BCC3-D951-2A099E5F9230|5A13538F-AC41-FDE2-4CD6-B939FA03123B
36868138-0d25-49a7-a03b-f15e7f104f6d|Milly Kiplagat||8038D870-5455-A2D6-18A9-BD5FA1D0A10A|5A13538F-AC41-FDE2-4CD6-B939FA03123B
0ffe2978-46a8-40b7-a250-0145229fc0fb|Umar Anwer||C937CE62-C4A9-131F-C96E-2DB8A9E886AB|5A13538F-AC41-FDE2-4CD6-B939FA03123B
0ffe138e-5c34-4756-bf2b-5309939dee10|Steve Ndele||C3CFA249-F2A3-8253-1F44-B1C594C6A8D2|5A13538F-AC41-FDE2-4CD6-B939FA03123B
43b58bad-b461-4572-bd58-57282242162a|Lorraine Dickson||650195B6-9357-C147-C24E-7FBDAEEC74ED|5A13538F-AC41-FDE2-4CD6-B939FA03123B
2217d37c-5cb1-4ee1-b6ff-ca3b862c1632|Rebbeca Hunt Davis||C6D5BA33-C95E-BCC3-D951-2A099E5F9230|5A13538F-AC41-FDE2-4CD6-B939FA03123B
05247176-5558-43d9-86c6-09f238de3042|Samira Mohamed||8038D870-5455-A2D6-18A9-BD5FA1D0A10A|5A13538F-AC41-FDE2-4CD6-B939FA03123B
3e72bbec-f972-4fdb-baf1-9864fce3dc08|Agatha Gikonde||C937CE62-C4A9-131F-C96E-2DB8A9E886AB|5A13538F-AC41-FDE2-4CD6-B939FA03123B
635d9e58-65a9-44a7-925b-39d310a2f893|Christopher Huggins||C3CFA249-F2A3-8253-1F44-B1C594C6A8D2|5A13538F-AC41-FDE2-4CD6-B939FA03123B
94b64a45-59b2-4893-81d4-2df970ec4467|Lulu Hussein||650195B6-9357-C147-C24E-7FBDAEEC74ED|5A13538F-AC41-FDE2-4CD6-B939FA03123B
10d8a431-3c4f-4efe-9385-e2d99739795c|Rose Musau||C6D5BA33-C95E-BCC3-D951-2A099E5F9230|5A13538F-AC41-FDE2-4CD6-B939FA03123B
760dd56f-597a-43eb-b610-704d7106f274|Ranee Manji||8038D870-5455-A2D6-18A9-BD5FA1D0A10A|5A13538F-AC41-FDE2-4CD6-B939FA03123B
df2f53fe-dfd5-4509-87c8-1c20eef4e67b|Alison Ngethe||C937CE62-C4A9-131F-C96E-2DB8A9E886AB|5A13538F-AC41-FDE2-4CD6-B939FA03123B
464be128-79c1-40a9-aa23-f5aec8fd5689|Ivy Mumo||C3CFA249-F2A3-8253-1F44-B1C594C6A8D2|5A13538F-AC41-FDE2-4CD6-B939FA03123B
2a8d7a23-a933-4b81-aa7e-a05781ddca20|Sharon Nderitu||650195B6-9357-C147-C24E-7FBDAEEC74ED|5A13538F-AC41-FDE2-4CD6-B939FA03123B
524cc55f-c8af-4b33-929b-3c5036bb9446|Mirka Egger||C6D5BA33-C95E-BCC3-D951-2A099E5F9230|5A13538F-AC41-FDE2-4CD6-B939FA03123B
f253d6ba-4392-4ca0-a591-0b9d658761ae|Pauline kiihara||8038D870-5455-A2D6-18A9-BD5FA1D0A10A|5A13538F-AC41-FDE2-4CD6-B939FA03123B
f3ca4002-4611-4df9-af42-06c9ee2ba6db|Miriam Nduta||C937CE62-C4A9-131F-C96E-2DB8A9E886AB|5A13538F-AC41-FDE2-4CD6-B939FA03123B
ccd7ce27-c399-4057-a7b5-7bd02c11aa80|Christine Waithra||C3CFA249-F2A3-8253-1F44-B1C594C6A8D2|5A13538F-AC41-FDE2-4CD6-B939FA03123B
b90d8e9b-a9e9-48db-b9f6-19814875899a|Njoki Wairumbi||650195B6-9357-C147-C24E-7FBDAEEC74ED|5A13538F-AC41-FDE2-4CD6-B939FA03123B
0f16912f-adae-46fe-96ae-c0d1197f7a23|Debbie Kanyua||C6D5BA33-C95E-BCC3-D951-2A099E5F9230|5A13538F-AC41-FDE2-4CD6-B939FA03123B
7d61b02a-7db8-4030-8a5d-4e427824518c|Rosita Wigand||8038D870-5455-A2D6-18A9-BD5FA1D0A10A|5A13538F-AC41-FDE2-4CD6-B939FA03123B
c6198d28-2f84-4061-8f09-408e193ac207|Irina Ogot||C937CE62-C4A9-131F-C96E-2DB8A9E886AB|5A13538F-AC41-FDE2-4CD6-B939FA03123B
5b42028c-cd11-400f-9f8b-38c671d243ad|Maria Filippou||C3CFA249-F2A3-8253-1F44-B1C594C6A8D2|5A13538F-AC41-FDE2-4CD6-B939FA03123B
0d5fba87-62b4-4234-a48e-1a6ca67546d8|Shivani Naidoo||650195B6-9357-C147-C24E-7FBDAEEC74ED|5A13538F-AC41-FDE2-4CD6-B939FA03123B
73669e45-0185-445f-b675-13ba62db3b92|Katie Rowe||C6D5BA33-C95E-BCC3-D951-2A099E5F9230|5A13538F-AC41-FDE2-4CD6-B939FA03123B
5451ddbe-dc33-49ed-8622-18a48d265c3c|George Mbugua||8038D870-5455-A2D6-18A9-BD5FA1D0A10A|5A13538F-AC41-FDE2-4CD6-B939FA03123B
00862916-ddab-4bf9-a391-f4e3eddd6e17|Agnes Munyao||C937CE62-C4A9-131F-C96E-2DB8A9E886AB|5A13538F-AC41-FDE2-4CD6-B939FA03123B
c4d530eb-9ca5-4ccb-934e-bb6aaf16e418|Anne Mbugua||C3CFA249-F2A3-8253-1F44-B1C594C6A8D2|5A13538F-AC41-FDE2-4CD6-B939FA03123B
7d64add7-c2a7-4861-84b3-29acac540a0a|Samuel Kangethe||650195B6-9357-C147-C24E-7FBDAEEC74ED|5A13538F-AC41-FDE2-4CD6-B939FA03123B
adfa2999-843b-4982-bfe9-7e07d5d79288|Natalie Havelock||C6D5BA33-C95E-BCC3-D951-2A099E5F9230|5A13538F-AC41-FDE2-4CD6-B939FA03123B
38a31814-054c-43d6-8f87-43bcb6b10fcd|Elizabeth Wanjiku||8038D870-5455-A2D6-18A9-BD5FA1D0A10A|5A13538F-AC41-FDE2-4CD6-B939FA03123B
42378e29-9b9a-4b78-bbd9-81ec06c76300|Joseph Njuguna||C937CE62-C4A9-131F-C96E-2DB8A9E886AB|5A13538F-AC41-FDE2-4CD6-B939FA03123B
0709d58d-73a4-40f4-9020-c647b72e3799|K Von Brussel||C3CFA249-F2A3-8253-1F44-B1C594C6A8D2|5A13538F-AC41-FDE2-4CD6-B939FA03123B
6caaa59a-8e62-4211-8389-96aff0c703e3|Paul Von Brussel||650195B6-9357-C147-C24E-7FBDAEEC74ED|5A13538F-AC41-FDE2-4CD6-B939FA03123B
dbbea2f6-098d-4e48-8b9d-ef4fe616dac1|lyndsay cherry||C6D5BA33-C95E-BCC3-D951-2A099E5F9230|5A13538F-AC41-FDE2-4CD6-B939FA03123B
6185bdfd-c77d-4a6b-86e7-821d92afeb73|Carl Badenhorst||8038D870-5455-A2D6-18A9-BD5FA1D0A10A|5A13538F-AC41-FDE2-4CD6-B939FA03123B
f21bc7e1-3471-4dcc-88f5-11a5eff41d4c|Sophie Standing||C937CE62-C4A9-131F-C96E-2DB8A9E886AB|5A13538F-AC41-FDE2-4CD6-B939FA03123B
43c225c6-a38c-47a3-a0b2-71f40926dc90|Masimbwa Sharonne||C3CFA249-F2A3-8253-1F44-B1C594C6A8D2|5A13538F-AC41-FDE2-4CD6-B939FA03123B
b5e51ba2-f56c-407a-bdf6-81c1fc1b46db|Faith Kendi||650195B6-9357-C147-C24E-7FBDAEEC74ED|5A13538F-AC41-FDE2-4CD6-B939FA03123B
c28f5a55-b26a-4124-bbb8-d411cba6fd58|Martin Nelson||C6D5BA33-C95E-BCC3-D951-2A099E5F9230|5A13538F-AC41-FDE2-4CD6-B939FA03123B
c8357be8-3a9f-4b7b-b907-ea1f9937acf0|Susan Maina||8038D870-5455-A2D6-18A9-BD5FA1D0A10A|5A13538F-AC41-FDE2-4CD6-B939FA03123B
9395cb55-7486-4f2c-aebd-528713568619|Ernest Cox||C937CE62-C4A9-131F-C96E-2DB8A9E886AB|5A13538F-AC41-FDE2-4CD6-B939FA03123B
33a1a808-709c-4e7c-9136-6cbdf957b113|George Clark||C3CFA249-F2A3-8253-1F44-B1C594C6A8D2|5A13538F-AC41-FDE2-4CD6-B939FA03123B
4cee624d-5bfc-49ea-9dcc-b6c6aa026589|Julia Montgomery||650195B6-9357-C147-C24E-7FBDAEEC74ED|5A13538F-AC41-FDE2-4CD6-B939FA03123B
c5857bff-decb-4025-bff3-3ccbb8493fc1|Ashley Shaw||C6D5BA33-C95E-BCC3-D951-2A099E5F9230|5A13538F-AC41-FDE2-4CD6-B939FA03123B
32193606-ad1d-427f-bff5-fe18150c2c3d|Ernest Gonzales||8038D870-5455-A2D6-18A9-BD5FA1D0A10A|5A13538F-AC41-FDE2-4CD6-B939FA03123B
c859ef74-1231-45be-b086-4ee42d9e94c0|Joyce Edwards||C937CE62-C4A9-131F-C96E-2DB8A9E886AB|5A13538F-AC41-FDE2-4CD6-B939FA03123B
231e1bb3-e4ba-4161-a013-631bc8f66c4d|Nicholas Morales||C3CFA249-F2A3-8253-1F44-B1C594C6A8D2|5A13538F-AC41-FDE2-4CD6-B939FA03123B
542c4499-1cc6-419d-a5e3-68cfb66cf0ae|Sean Thomas||650195B6-9357-C147-C24E-7FBDAEEC74ED|5A13538F-AC41-FDE2-4CD6-B939FA03123B
ac88c5f9-2211-4bd1-901e-0b8e7708bdbe|Edward Wheeler||C6D5BA33-C95E-BCC3-D951-2A099E5F9230|5A13538F-AC41-FDE2-4CD6-B939FA03123B
364cbc18-af4c-4871-aac7-cc8823d2b60e|Harold Armstrong||8038D870-5455-A2D6-18A9-BD5FA1D0A10A|5A13538F-AC41-FDE2-4CD6-B939FA03123B
bbb34566-f70f-49b7-8d3f-ab9fec3b800b|Harry Schmidt||C937CE62-C4A9-131F-C96E-2DB8A9E886AB|5A13538F-AC41-FDE2-4CD6-B939FA03123B
79c25358-228c-4ff8-b413-ea14a7bca1c7|Stephanie Olson||C3CFA249-F2A3-8253-1F44-B1C594C6A8D2|5A13538F-AC41-FDE2-4CD6-B939FA03123B
1dd8fe83-11a0-4bb9-9575-ee4f0d1cc2bd|Paul Greene||650195B6-9357-C147-C24E-7FBDAEEC74ED|5A13538F-AC41-FDE2-4CD6-B939FA03123B
284bd98c-c0ac-41e2-b172-54902f37b358|Sharon Hanson||C6D5BA33-C95E-BCC3-D951-2A099E5F9230|5A13538F-AC41-FDE2-4CD6-B939FA03123B
68f32905-9759-4c31-a4ca-a40ac2558674|Nicholas Perkins||8038D870-5455-A2D6-18A9-BD5FA1D0A10A|5A13538F-AC41-FDE2-4CD6-B939FA03123B
222819f2-55a3-40d7-ac4f-2cb87b6cbbbd|Robert Chapman||C937CE62-C4A9-131F-C96E-2DB8A9E886AB|5A13538F-AC41-FDE2-4CD6-B939FA03123B
867ab606-616e-469d-912e-a99ef431d52c|Robin Green||C3CFA249-F2A3-8253-1F44-B1C594C6A8D2|5A13538F-AC41-FDE2-4CD6-B939FA03123B
d7d2673c-1ba9-457c-b715-f9c994d156de|Kenneth Brown||650195B6-9357-C147-C24E-7FBDAEEC74ED|5A13538F-AC41-FDE2-4CD6-B939FA03123B
6f7c14d9-efa2-467f-9fb7-d447e4f5e215|Susan Morrison||C6D5BA33-C95E-BCC3-D951-2A099E5F9230|5A13538F-AC41-FDE2-4CD6-B939FA03123B
359eaddd-1d86-4ea9-957e-c109addf61b7|Jerry Williamson||8038D870-5455-A2D6-18A9-BD5FA1D0A10A|5A13538F-AC41-FDE2-4CD6-B939FA03123B
c76f79eb-9d18-4042-8d43-ffde7871fb4a|Carol Parker||C937CE62-C4A9-131F-C96E-2DB8A9E886AB|5A13538F-AC41-FDE2-4CD6-B939FA03123B
237d8806-32a7-43e2-a28c-cb41d568a3ea|Gloria Nelson||C3CFA249-F2A3-8253-1F44-B1C594C6A8D2|5A13538F-AC41-FDE2-4CD6-B939FA03123B
b7983bef-028d-4f74-937d-3a51c1a1ad06|Mark Hunt||650195B6-9357-C147-C24E-7FBDAEEC74ED|5A13538F-AC41-FDE2-4CD6-B939FA03123B
9015609e-2ff5-4e9f-8169-90a70fece685|Tina Ferguson||C6D5BA33-C95E-BCC3-D951-2A099E5F9230|5A13538F-AC41-FDE2-4CD6-B939FA03123B
23236fb8-6666-47e1-a388-4d231658669c|Janet Andrews||8038D870-5455-A2D6-18A9-BD5FA1D0A10A|5A13538F-AC41-FDE2-4CD6-B939FA03123B
840a7494-fafc-4bb2-b8b9-1b756d98c723|Patrick Wagner||C937CE62-C4A9-131F-C96E-2DB8A9E886AB|5A13538F-AC41-FDE2-4CD6-B939FA03123B
d2f74451-e9ad-4b8a-b6f5-0232f84e171a|Gerald Bailey||C3CFA249-F2A3-8253-1F44-B1C594C6A8D2|5A13538F-AC41-FDE2-4CD6-B939FA03123B
d2509c6f-0fd7-44d4-8eb1-d707af75ba96|Cynthia Ford||650195B6-9357-C147-C24E-7FBDAEEC74ED|5A13538F-AC41-FDE2-4CD6-B939FA03123B
68667847-9521-4a91-9a8c-cd6ceaf7c252|Mildred Perez||C6D5BA33-C95E-BCC3-D951-2A099E5F9230|5A13538F-AC41-FDE2-4CD6-B939FA03123B
6cc1930b-e578-4ac7-b3bd-9196d558d2b5|Joseph Howard||8038D870-5455-A2D6-18A9-BD5FA1D0A10A|5A13538F-AC41-FDE2-4CD6-B939FA03123B
b9604da3-ac24-435c-bffc-85965c2c3280|Rebecca Olson||C937CE62-C4A9-131F-C96E-2DB8A9E886AB|5A13538F-AC41-FDE2-4CD6-B939FA03123B
3dd1a5d0-44b2-47b6-80bf-7747f6f39620|Craig Tucker||C3CFA249-F2A3-8253-1F44-B1C594C6A8D2|5A13538F-AC41-FDE2-4CD6-B939FA03123B
2d08fdd1-d0f2-4aec-be57-742afc063001|Larry Tucker||650195B6-9357-C147-C24E-7FBDAEEC74ED|5A13538F-AC41-FDE2-4CD6-B939FA03123B
491e0962-e6c7-441f-9b76-3fda53a844ed|Willie Holmes||C6D5BA33-C95E-BCC3-D951-2A099E5F9230|5A13538F-AC41-FDE2-4CD6-B939FA03123B
d44a1318-c845-4202-ba52-038cbf9a909b|Wayne Alvarez||8038D870-5455-A2D6-18A9-BD5FA1D0A10A|5A13538F-AC41-FDE2-4CD6-B939FA03123B
7cbc8452-0a7d-412f-9396-3992f2af966a|Heather Mcdonald||C937CE62-C4A9-131F-C96E-2DB8A9E886AB|5A13538F-AC41-FDE2-4CD6-B939FA03123B
7ea06ee9-2ce1-4256-b8e8-32149867a9c4|Virginia Ruiz||C3CFA249-F2A3-8253-1F44-B1C594C6A8D2|5A13538F-AC41-FDE2-4CD6-B939FA03123B
81c00176-f5cb-4ee9-9a1d-0404a25e3050|Charles Harris||650195B6-9357-C147-C24E-7FBDAEEC74ED|5A13538F-AC41-FDE2-4CD6-B939FA03123B
7c8a341b-8c84-44af-8b94-29f9a6735dbb|Pamela Warren||C6D5BA33-C95E-BCC3-D951-2A099E5F9230|5A13538F-AC41-FDE2-4CD6-B939FA03123B
280c7139-edc0-4ccf-a864-f728a273e95a|Phyllis Williamson||8038D870-5455-A2D6-18A9-BD5FA1D0A10A|5A13538F-AC41-FDE2-4CD6-B939FA03123B
1d3cf44b-69ff-428d-ae0c-eaf201508c0e|Joan Alvarez||C937CE62-C4A9-131F-C96E-2DB8A9E886AB|5A13538F-AC41-FDE2-4CD6-B939FA03123B
c9648d4f-99cf-4b7c-9f42-4dcdef82cc9a|Amanda Weaver||C3CFA249-F2A3-8253-1F44-B1C594C6A8D2|5A13538F-AC41-FDE2-4CD6-B939FA03123B
f0130653-48ad-4e24-9fb0-474b4c134016|Louise Berry||650195B6-9357-C147-C24E-7FBDAEEC74ED|5A13538F-AC41-FDE2-4CD6-B939FA03123B
639721c6-bdbe-42c7-a64c-30172bc1cbeb|Daniel Holmes||C6D5BA33-C95E-BCC3-D951-2A099E5F9230|5A13538F-AC41-FDE2-4CD6-B939FA03123B
e8e26554-7059-41fb-84fa-6a04209e875c|Stephanie Miller||8038D870-5455-A2D6-18A9-BD5FA1D0A10A|5A13538F-AC41-FDE2-4CD6-B939FA03123B
dd4a2b31-d242-436c-a1ec-3a9769cb8cf5|Judith Diaz||C937CE62-C4A9-131F-C96E-2DB8A9E886AB|5A13538F-AC41-FDE2-4CD6-B939FA03123B
80491ec9-b877-454b-becc-c450e7ca568f|Margaret Mills||C3CFA249-F2A3-8253-1F44-B1C594C6A8D2|5A13538F-AC41-FDE2-4CD6-B939FA03123B
f36d4fb9-6715-4e9c-86b2-308e85f0dbdf|Bonnie Little||650195B6-9357-C147-C24E-7FBDAEEC74ED|5A13538F-AC41-FDE2-4CD6-B939FA03123B
836f500b-e694-456b-bdcd-8453e51f8a57|Steven Mendoza||C6D5BA33-C95E-BCC3-D951-2A099E5F9230|5A13538F-AC41-FDE2-4CD6-B939FA03123B
3e589097-4ca2-4947-8dc5-789d1b3bc3a6|Johnson Saruni||8038D870-5455-A2D6-18A9-BD5FA1D0A10A|5A13538F-AC41-FDE2-4CD6-B939FA03123B
3f9829cb-6986-484e-80af-9025c02375e6|Juliet Chepkorir||C937CE62-C4A9-131F-C96E-2DB8A9E886AB|5A13538F-AC41-FDE2-4CD6-B939FA03123B
47f91b10-435a-46cf-808d-af11ca9db970|Aruasa Evalyn||C3CFA249-F2A3-8253-1F44-B1C594C6A8D2|5A13538F-AC41-FDE2-4CD6-B939FA03123B
b1b339a3-609f-428b-8f06-2280db932b7d|Daniel K.||650195B6-9357-C147-C24E-7FBDAEEC74ED|5A13538F-AC41-FDE2-4CD6-B939FA03123B
0b5ecbeb-33cf-4f40-94a8-ac80d367c791|George Kingori||C6D5BA33-C95E-BCC3-D951-2A099E5F9230|5A13538F-AC41-FDE2-4CD6-B939FA03123B
d4ba5691-072d-437a-9d66-6afa090f9b03|Paul Mpute||8038D870-5455-A2D6-18A9-BD5FA1D0A10A|5A13538F-AC41-FDE2-4CD6-B939FA03123B
5cf98514-5423-4289-9c9f-73576e5c3db1|Patrick Mburu||C937CE62-C4A9-131F-C96E-2DB8A9E886AB|5A13538F-AC41-FDE2-4CD6-B939FA03123B
6efacefe-39c4-49ac-a6b2-10d8ca91d905|Susan Chepkoech||C3CFA249-F2A3-8253-1F44-B1C594C6A8D2|5A13538F-AC41-FDE2-4CD6-B939FA03123B
0cb2def6-ce04-41df-87c4-189d01ceb197|Kenneth Kipkoech||650195B6-9357-C147-C24E-7FBDAEEC74ED|5A13538F-AC41-FDE2-4CD6-B939FA03123B
b11f0a53-96b0-4da3-b77f-3529b40d6fba|Dickson Daniel||C6D5BA33-C95E-BCC3-D951-2A099E5F9230|5A13538F-AC41-FDE2-4CD6-B939FA03123B
7cd13748-d228-4e93-87c1-74dc15216eda|Julius Wanjohi||8038D870-5455-A2D6-18A9-BD5FA1D0A10A|5A13538F-AC41-FDE2-4CD6-B939FA03123B
c4bd61e3-3932-4ef1-a252-83823ebdc5ba|Dishon Kirima||C937CE62-C4A9-131F-C96E-2DB8A9E886AB|5A13538F-AC41-FDE2-4CD6-B939FA03123B
2827a7ae-0a5e-49e0-bc97-fe00456d3db0|James Karimi||C3CFA249-F2A3-8253-1F44-B1C594C6A8D2|5A13538F-AC41-FDE2-4CD6-B939FA03123B
6458a608-fdec-42fd-8dcf-c006441e9fbd|Raphael Muriithi||650195B6-9357-C147-C24E-7FBDAEEC74ED|5A13538F-AC41-FDE2-4CD6-B939FA03123B
1494af35-8861-40e3-8231-da73ffcea0cb|James Kembi||C6D5BA33-C95E-BCC3-D951-2A099E5F9230|5A13538F-AC41-FDE2-4CD6-B939FA03123B
10a5a5f0-0d77-4633-a624-18e0d1d48b6e|Andreas Polland||8038D870-5455-A2D6-18A9-BD5FA1D0A10A|5A13538F-AC41-FDE2-4CD6-B939FA03123B
3fbb4c36-e3eb-426d-97e1-66d7e583aef2|Andy Thomas||C937CE62-C4A9-131F-C96E-2DB8A9E886AB|5A13538F-AC41-FDE2-4CD6-B939FA03123B
75c4ccfd-c440-4561-9eb2-1d62f73cf401|Andrew McNaughton||C3CFA249-F2A3-8253-1F44-B1C594C6A8D2|5A13538F-AC41-FDE2-4CD6-B939FA03123B
fe03aeee-4244-4f79-9ed7-28bb4480bb0f|Bill Gorman||650195B6-9357-C147-C24E-7FBDAEEC74ED|5A13538F-AC41-FDE2-4CD6-B939FA03123B
751f5383-bbe6-4857-bd78-b3eeebf029b7|Richard Binns||C6D5BA33-C95E-BCC3-D951-2A099E5F9230|5A13538F-AC41-FDE2-4CD6-B939FA03123B
764e2336-af66-4db4-a7da-f3f1a67443d9|Chex Woods||8038D870-5455-A2D6-18A9-BD5FA1D0A10A|5A13538F-AC41-FDE2-4CD6-B939FA03123B
389826b6-213d-4256-a1cd-abed5baee4f2|Claire Simpson||C937CE62-C4A9-131F-C96E-2DB8A9E886AB|5A13538F-AC41-FDE2-4CD6-B939FA03123B
7585f368-f37b-4470-b3bd-0fad288e2539|Clare Taylor||C3CFA249-F2A3-8253-1F44-B1C594C6A8D2|5A13538F-AC41-FDE2-4CD6-B939FA03123B
54f8595c-d4f0-4845-b6da-09087c840aa0|Damian Davies||650195B6-9357-C147-C24E-7FBDAEEC74ED|5A13538F-AC41-FDE2-4CD6-B939FA03123B
a160014f-4d78-4e55-950a-a762703d36f3|Eugene Erulu||C6D5BA33-C95E-BCC3-D951-2A099E5F9230|5A13538F-AC41-FDE2-4CD6-B939FA03123B
013ca06c-12d4-4738-bae1-48878096f005|Erwin Steiger||8038D870-5455-A2D6-18A9-BD5FA1D0A10A|5A13538F-AC41-FDE2-4CD6-B939FA03123B
6aeaba2e-0f93-4d40-b5a9-c183abca9e8a|Esther Steiger||C937CE62-C4A9-131F-C96E-2DB8A9E886AB|5A13538F-AC41-FDE2-4CD6-B939FA03123B
e9fccc61-4733-4186-ac3b-1832950c181c|Chris Warren||C3CFA249-F2A3-8253-1F44-B1C594C6A8D2|5A13538F-AC41-FDE2-4CD6-B939FA03123B
4712d2d2-96db-406f-84c6-46c384777dbe|Helen Curtis||650195B6-9357-C147-C24E-7FBDAEEC74ED|5A13538F-AC41-FDE2-4CD6-B939FA03123B
138633b7-ffb8-47a4-a959-4776daf5fd50|Jackie Couch||C6D5BA33-C95E-BCC3-D951-2A099E5F9230|5A13538F-AC41-FDE2-4CD6-B939FA03123B
88735397-a3be-4b9a-bdf7-11edeffb392c|Jane Spilsbury||8038D870-5455-A2D6-18A9-BD5FA1D0A10A|5A13538F-AC41-FDE2-4CD6-B939FA03123B
47e06cd6-4d30-4ff5-975e-8a1190cc3c9e|Janie Davies||C937CE62-C4A9-131F-C96E-2DB8A9E886AB|5A13538F-AC41-FDE2-4CD6-B939FA03123B
f1c264d1-c622-49d2-b73c-87adca4e3309|Jean Hyatt||C3CFA249-F2A3-8253-1F44-B1C594C6A8D2|5A13538F-AC41-FDE2-4CD6-B939FA03123B
b3796b73-a447-4e87-a086-dea39276cc82|Jenni Slater||650195B6-9357-C147-C24E-7FBDAEEC74ED|5A13538F-AC41-FDE2-4CD6-B939FA03123B
4689e707-8b46-41bd-9c31-6114afe43125|Caren Tankard||C6D5BA33-C95E-BCC3-D951-2A099E5F9230|5A13538F-AC41-FDE2-4CD6-B939FA03123B
37208acc-f325-4bf0-b2ab-a8e9594cdc30|Korinna||8038D870-5455-A2D6-18A9-BD5FA1D0A10A|5A13538F-AC41-FDE2-4CD6-B939FA03123B
92082c27-a5a5-4c76-9e63-5303cab8bf25|Lucile Ford||C937CE62-C4A9-131F-C96E-2DB8A9E886AB|5A13538F-AC41-FDE2-4CD6-B939FA03123B
28a5a193-a342-4736-b35c-a243cdf5a2d5|Lynn Ellison||C3CFA249-F2A3-8253-1F44-B1C594C6A8D2|5A13538F-AC41-FDE2-4CD6-B939FA03123B
811df465-61cc-44db-a8ad-4f0b482823a2|Margaret Cunningham||650195B6-9357-C147-C24E-7FBDAEEC74ED|5A13538F-AC41-FDE2-4CD6-B939FA03123B
76231c77-de4c-48ca-9a8a-cd3c927a1bf4|Marilyn O Keefe||C6D5BA33-C95E-BCC3-D951-2A099E5F9230|5A13538F-AC41-FDE2-4CD6-B939FA03123B
3eccc878-dc28-4ab0-bc2c-9df5e71110c2|Nigel watson||8038D870-5455-A2D6-18A9-BD5FA1D0A10A|5A13538F-AC41-FDE2-4CD6-B939FA03123B
081e1be7-5b79-4836-ad88-f146e55e03d3|Nikki Parrazzi||C937CE62-C4A9-131F-C96E-2DB8A9E886AB|5A13538F-AC41-FDE2-4CD6-B939FA03123B
b303718e-9d0f-44cd-851a-a7df560ad2bc|Patricia marco||C3CFA249-F2A3-8253-1F44-B1C594C6A8D2|5A13538F-AC41-FDE2-4CD6-B939FA03123B
971e1671-1ee8-4f02-a841-d20c37b8cbda|Patrick O Keefe||650195B6-9357-C147-C24E-7FBDAEEC74ED|5A13538F-AC41-FDE2-4CD6-B939FA03123B
d975d7d4-2c0f-4a87-b128-a87ae8121698|Richard bennett||C6D5BA33-C95E-BCC3-D951-2A099E5F9230|5A13538F-AC41-FDE2-4CD6-B939FA03123B
1ecada93-6182-4811-9b49-35cc09874b3a|Felicity Binns||8038D870-5455-A2D6-18A9-BD5FA1D0A10A|5A13538F-AC41-FDE2-4CD6-B939FA03123B
367959bd-3fd2-4b9b-97cc-6bdb5e889ddc|Romy darnborough||C937CE62-C4A9-131F-C96E-2DB8A9E886AB|5A13538F-AC41-FDE2-4CD6-B939FA03123B
b12ac85a-38f7-429f-93f0-278b2b85f531|Rory McGuinness||C3CFA249-F2A3-8253-1F44-B1C594C6A8D2|5A13538F-AC41-FDE2-4CD6-B939FA03123B
17b55074-d08b-4429-9d1e-dfd173d68d7a|Royjan Taylor||650195B6-9357-C147-C24E-7FBDAEEC74ED|5A13538F-AC41-FDE2-4CD6-B939FA03123B
410ddfe4-e6a0-4470-908f-8a794fdf58a5|Sanda Ashe||C6D5BA33-C95E-BCC3-D951-2A099E5F9230|5A13538F-AC41-FDE2-4CD6-B939FA03123B
5f116394-c50d-4404-953d-a72734d492f6|Sara Looman||8038D870-5455-A2D6-18A9-BD5FA1D0A10A|5A13538F-AC41-FDE2-4CD6-B939FA03123B
bf862c81-c2af-4c0c-bb67-4557fd317292|Shafiq Ebrahimjee||C937CE62-C4A9-131F-C96E-2DB8A9E886AB|5A13538F-AC41-FDE2-4CD6-B939FA03123B
3dbd2c43-dfa5-4942-ac23-9919e12357be|Shiru Macharia||C3CFA249-F2A3-8253-1F44-B1C594C6A8D2|5A13538F-AC41-FDE2-4CD6-B939FA03123B
31cc1c33-1fd4-4cf5-86bf-7ae0887072a0|Simon Rowe||650195B6-9357-C147-C24E-7FBDAEEC74ED|5A13538F-AC41-FDE2-4CD6-B939FA03123B
f2b55228-3bc7-4452-9cd2-b24346f751c7|Steve Trott||C6D5BA33-C95E-BCC3-D951-2A099E5F9230|5A13538F-AC41-FDE2-4CD6-B939FA03123B
ed94199b-ea7f-4679-bf46-06950f8846cc|Steve Curtis||8038D870-5455-A2D6-18A9-BD5FA1D0A10A|5A13538F-AC41-FDE2-4CD6-B939FA03123B
d3cc1b27-be18-4f51-b0ae-d2d6ed34cc69|Sue davies||C937CE62-C4A9-131F-C96E-2DB8A9E886AB|5A13538F-AC41-FDE2-4CD6-B939FA03123B
e6edb086-f670-4e2f-91a3-22df7a9bd1d8|Tina Allen||C3CFA249-F2A3-8253-1F44-B1C594C6A8D2|5A13538F-AC41-FDE2-4CD6-B939FA03123B
54c5945b-8fa0-4288-a2cc-2596691368c0|Mrs Batcock||650195B6-9357-C147-C24E-7FBDAEEC74ED|5A13538F-AC41-FDE2-4CD6-B939FA03123B
823af227-36a0-43bc-93cc-89e527dd2578|Mrs Barlow||C6D5BA33-C95E-BCC3-D951-2A099E5F9230|5A13538F-AC41-FDE2-4CD6-B939FA03123B
d8c53a5b-b666-4a05-bce7-13e823206df8|Robert Corvedale||8038D870-5455-A2D6-18A9-BD5FA1D0A10A|5A13538F-AC41-FDE2-4CD6-B939FA03123B
a2f2e58b-3bf5-4efd-85ca-53da1d99615b|Hamid Elias (Jeweller)||C937CE62-C4A9-131F-C96E-2DB8A9E886AB|5A13538F-AC41-FDE2-4CD6-B939FA03123B
fed0ef80-f531-4872-8031-9eb78c8d91d8|Shila Elias||C3CFA249-F2A3-8253-1F44-B1C594C6A8D2|5A13538F-AC41-FDE2-4CD6-B939FA03123B
fdd9ed9b-b229-4544-839f-9185d7cd06a2|James Adcock||650195B6-9357-C147-C24E-7FBDAEEC74ED|5A13538F-AC41-FDE2-4CD6-B939FA03123B
79a8d542-b6cb-4642-b167-5050da1dadb3|Vincent Nyauche||C6D5BA33-C95E-BCC3-D951-2A099E5F9230|5A13538F-AC41-FDE2-4CD6-B939FA03123B
82d1e403-04c0-4f01-b765-30ae9012ef9c|Giovani Parazzi||8038D870-5455-A2D6-18A9-BD5FA1D0A10A|5A13538F-AC41-FDE2-4CD6-B939FA03123B
7d3e2e41-ee4f-4310-b814-ca144c469542|Tina Harris||C937CE62-C4A9-131F-C96E-2DB8A9E886AB|5A13538F-AC41-FDE2-4CD6-B939FA03123B
34f0c8d0-e5bb-4a5b-a478-2179e09a0d02|Park sung||C3CFA249-F2A3-8253-1F44-B1C594C6A8D2|5A13538F-AC41-FDE2-4CD6-B939FA03123B
d34c21aa-e7c5-4aed-8ac7-b3b5c9ff29df|Parkinson kamau||650195B6-9357-C147-C24E-7FBDAEEC74ED|5A13538F-AC41-FDE2-4CD6-B939FA03123B
06413c0c-3222-40c0-8d49-35dc2da84442|Peter Darnborough||C6D5BA33-C95E-BCC3-D951-2A099E5F9230|5A13538F-AC41-FDE2-4CD6-B939FA03123B
41f06923-7c02-4d46-bc79-fa39a6c90b64|Granville Hopkinson||8038D870-5455-A2D6-18A9-BD5FA1D0A10A|5A13538F-AC41-FDE2-4CD6-B939FA03123B
2661ade3-fc8a-4a5f-9889-2d01b05f9223|David Darnborough||C937CE62-C4A9-131F-C96E-2DB8A9E886AB|5A13538F-AC41-FDE2-4CD6-B939FA03123B
811630bb-5e17-46ae-83b9-2d33354feca8|David Dan||C3CFA249-F2A3-8253-1F44-B1C594C6A8D2|5A13538F-AC41-FDE2-4CD6-B939FA03123B
f5c324a0-ac07-4448-a869-b7b59bac71d8|Martin Forster||650195B6-9357-C147-C24E-7FBDAEEC74ED|5A13538F-AC41-FDE2-4CD6-B939FA03123B
0ba1e50f-7a87-4f15-a2b4-f8ec0983f0be|Melnda Rees||C6D5BA33-C95E-BCC3-D951-2A099E5F9230|5A13538F-AC41-FDE2-4CD6-B939FA03123B
f02f1eeb-cb91-4d6a-ae87-e05a0749652d|Tara Wood||8038D870-5455-A2D6-18A9-BD5FA1D0A10A|5A13538F-AC41-FDE2-4CD6-B939FA03123B
4b20f53c-12a8-4fc2-9b01-11f2670df80e|Geoffrey Gachara||C937CE62-C4A9-131F-C96E-2DB8A9E886AB|5A13538F-AC41-FDE2-4CD6-B939FA03123B
1095706e-cc9d-40e5-9f57-e053fb5968e5|Waithaka Mwangi||C3CFA249-F2A3-8253-1F44-B1C594C6A8D2|5A13538F-AC41-FDE2-4CD6-B939FA03123B
34d462c2-a32f-454e-9a9d-0997578561cd|Susan Wagaki||650195B6-9357-C147-C24E-7FBDAEEC74ED|5A13538F-AC41-FDE2-4CD6-B939FA03123B
85d50543-7857-42f5-84a8-57012bf42cff|Wamathai Samwel||C6D5BA33-C95E-BCC3-D951-2A099E5F9230|5A13538F-AC41-FDE2-4CD6-B939FA03123B
4dd70f5a-318f-4df5-8b22-42f0498d9fce|Maina Patrick||8038D870-5455-A2D6-18A9-BD5FA1D0A10A|5A13538F-AC41-FDE2-4CD6-B939FA03123B
4c773473-5baf-475a-8b60-e0b5f8027ec4|Geoffrey Gitonga||C937CE62-C4A9-131F-C96E-2DB8A9E886AB|5A13538F-AC41-FDE2-4CD6-B939FA03123B
5ee5dd64-116b-43bd-8ee4-9b91bc97b300|David Wanjohi||C3CFA249-F2A3-8253-1F44-B1C594C6A8D2|5A13538F-AC41-FDE2-4CD6-B939FA03123B
a474507d-0ab3-4f6f-ab6e-4954d0df25a2|Eliud Kanyi||650195B6-9357-C147-C24E-7FBDAEEC74ED|5A13538F-AC41-FDE2-4CD6-B939FA03123B
0559f795-03cd-479a-a501-df8736361c73|Rev.Joyce Gaturi||C6D5BA33-C95E-BCC3-D951-2A099E5F9230|5A13538F-AC41-FDE2-4CD6-B939FA03123B
1a63cc52-b292-4096-af59-a40bb7922237|Joseph Nduku||8038D870-5455-A2D6-18A9-BD5FA1D0A10A|5A13538F-AC41-FDE2-4CD6-B939FA03123B
fca5323a-a80e-4dc2-a5f6-55c7dc90bb3e|David Njoroge||C937CE62-C4A9-131F-C96E-2DB8A9E886AB|5A13538F-AC41-FDE2-4CD6-B939FA03123B
f83edc00-98b5-4345-9b2c-8b899d92d6fd|Julius Muthike||C3CFA249-F2A3-8253-1F44-B1C594C6A8D2|5A13538F-AC41-FDE2-4CD6-B939FA03123B
ba352c9e-1267-48a0-8083-44bbe87efd65|Joseph Murithi||650195B6-9357-C147-C24E-7FBDAEEC74ED|5A13538F-AC41-FDE2-4CD6-B939FA03123B
a0cde22b-e11d-4890-821d-7628b01177e8|Michael Kamotho||C6D5BA33-C95E-BCC3-D951-2A099E5F9230|5A13538F-AC41-FDE2-4CD6-B939FA03123B
fb4ef1f9-bb2f-44e1-b872-21277ecd6f71|Wilfred Mwangi||8038D870-5455-A2D6-18A9-BD5FA1D0A10A|5A13538F-AC41-FDE2-4CD6-B939FA03123B
8d1ec568-904a-40f5-9cda-64f9fe832778|Charles Njuru||C937CE62-C4A9-131F-C96E-2DB8A9E886AB|5A13538F-AC41-FDE2-4CD6-B939FA03123B
46b23fd8-89fa-43ed-bfcd-d4d87e99a8ab|Augustine J Gakure||C3CFA249-F2A3-8253-1F44-B1C594C6A8D2|5A13538F-AC41-FDE2-4CD6-B939FA03123B
71e16457-be05-44c8-9198-985a9df25afb|John Kamau||650195B6-9357-C147-C24E-7FBDAEEC74ED|5A13538F-AC41-FDE2-4CD6-B939FA03123B
dc2aea93-c8ef-46a7-ab13-933c7243672e|Josiah Ngigi||C6D5BA33-C95E-BCC3-D951-2A099E5F9230|5A13538F-AC41-FDE2-4CD6-B939FA03123B
eae36456-9ad1-40fb-9f99-3e06ac0ef4e6|Gerald Gakuha||8038D870-5455-A2D6-18A9-BD5FA1D0A10A|5A13538F-AC41-FDE2-4CD6-B939FA03123B
75b95b8b-b06b-4cb8-9f67-e2c7e4a630e2|Esther Njeri||C937CE62-C4A9-131F-C96E-2DB8A9E886AB|5A13538F-AC41-FDE2-4CD6-B939FA03123B
c8827b25-ed5e-4d33-bc1a-e37ed0da4f34|Stephen Njoroge||C3CFA249-F2A3-8253-1F44-B1C594C6A8D2|5A13538F-AC41-FDE2-4CD6-B939FA03123B
d62637cf-a4e5-4efa-a74b-c7ea69d2283e|Clement Thiru||650195B6-9357-C147-C24E-7FBDAEEC74ED|5A13538F-AC41-FDE2-4CD6-B939FA03123B
fda1a1a1-252a-4bd3-a7e1-36e772cf284e|Andrew Cherogony||C6D5BA33-C95E-BCC3-D951-2A099E5F9230|5A13538F-AC41-FDE2-4CD6-B939FA03123B
bf7269f5-3936-4fee-80f5-fe8c5bd823d7|Bwogo Richard||8038D870-5455-A2D6-18A9-BD5FA1D0A10A|5A13538F-AC41-FDE2-4CD6-B939FA03123B
d9adee49-7337-479d-9c9b-f6b93ce2d036|Andrew Sunkuli||C937CE62-C4A9-131F-C96E-2DB8A9E886AB|5A13538F-AC41-FDE2-4CD6-B939FA03123B
64f35e1f-58d2-46e8-9d2c-d3dab6d749c3|Stephen Kanyinke||C3CFA249-F2A3-8253-1F44-B1C594C6A8D2|5A13538F-AC41-FDE2-4CD6-B939FA03123B
3543eab2-3f9b-4990-9d2a-0345e8a06858|Julius Lekakeny Ole||650195B6-9357-C147-C24E-7FBDAEEC74ED|5A13538F-AC41-FDE2-4CD6-B939FA03123B
35cd556d-557b-43a4-a8b5-2a9b13ab3dd1|Anderson Ambindi||C6D5BA33-C95E-BCC3-D951-2A099E5F9230|5A13538F-AC41-FDE2-4CD6-B939FA03123B
46e90577-9065-4783-aad9-7aa6747873ea|Anota Khasiani||8038D870-5455-A2D6-18A9-BD5FA1D0A10A|5A13538F-AC41-FDE2-4CD6-B939FA03123B
c958369c-3061-498a-8cd4-589a22a2d495|Philister Anne||C937CE62-C4A9-131F-C96E-2DB8A9E886AB|5A13538F-AC41-FDE2-4CD6-B939FA03123B
4b3e81ad-40f7-4afd-8b71-047c0d6921aa|Henry Embeywa||C3CFA249-F2A3-8253-1F44-B1C594C6A8D2|5A13538F-AC41-FDE2-4CD6-B939FA03123B
c922927e-aa3c-4046-8c16-240cd319e9e8|Virginia Murray||650195B6-9357-C147-C24E-7FBDAEEC74ED|5A13538F-AC41-FDE2-4CD6-B939FA03123B
f34eaee4-6c7b-43c2-87c2-e522c1522d4e|Laura Tucker||C6D5BA33-C95E-BCC3-D951-2A099E5F9230|5A13538F-AC41-FDE2-4CD6-B939FA03123B
9d3d9192-966b-457b-8ef4-da295f93b256|Maria Mendoza||8038D870-5455-A2D6-18A9-BD5FA1D0A10A|5A13538F-AC41-FDE2-4CD6-B939FA03123B
b36dd368-37fa-4112-a9ac-70891224dfd8|Jeremy Murphy||C937CE62-C4A9-131F-C96E-2DB8A9E886AB|5A13538F-AC41-FDE2-4CD6-B939FA03123B
87b566a3-c601-428f-aebc-719b0f20bb71|Lois Simmons||C3CFA249-F2A3-8253-1F44-B1C594C6A8D2|5A13538F-AC41-FDE2-4CD6-B939FA03123B
05ac1224-5efb-4c05-aabe-1caafb5f5dca|Bruce Stephens||650195B6-9357-C147-C24E-7FBDAEEC74ED|5A13538F-AC41-FDE2-4CD6-B939FA03123B
fe2ef553-fafd-4781-8a7a-b2b7538e941c|Terry Garza||C6D5BA33-C95E-BCC3-D951-2A099E5F9230|5A13538F-AC41-FDE2-4CD6-B939FA03123B
452ec0e8-4176-43ed-956f-451514c1f432|Sara Coleman||8038D870-5455-A2D6-18A9-BD5FA1D0A10A|5A13538F-AC41-FDE2-4CD6-B939FA03123B
d8bd5cf5-a80b-4ac8-b48a-76627d78308b|Frank Parker||C937CE62-C4A9-131F-C96E-2DB8A9E886AB|5A13538F-AC41-FDE2-4CD6-B939FA03123B
00e92ce1-57f5-469d-b12d-52821d8a06b7|Thomas Harper||C3CFA249-F2A3-8253-1F44-B1C594C6A8D2|5A13538F-AC41-FDE2-4CD6-B939FA03123B
5b81fe28-4ea4-4b62-844a-6ee94657e027|Ruby Burns||650195B6-9357-C147-C24E-7FBDAEEC74ED|5A13538F-AC41-FDE2-4CD6-B939FA03123B
29704192-bfea-4979-b4fc-fb7dce695d43|Eric Snyder||C6D5BA33-C95E-BCC3-D951-2A099E5F9230|5A13538F-AC41-FDE2-4CD6-B939FA03123B
9bdadb39-9ccd-4290-9c31-6d4a9f0c8523|Howard Perez||8038D870-5455-A2D6-18A9-BD5FA1D0A10A|5A13538F-AC41-FDE2-4CD6-B939FA03123B
5f18e3c7-e062-4bd5-8748-3cd3e440e787|Heather Jackson||C937CE62-C4A9-131F-C96E-2DB8A9E886AB|5A13538F-AC41-FDE2-4CD6-B939FA03123B
ddee87c7-f019-4e23-b784-3c721df4a3e3|Jane Hansen||C3CFA249-F2A3-8253-1F44-B1C594C6A8D2|5A13538F-AC41-FDE2-4CD6-B939FA03123B
94d814d5-b3da-45d3-8f4d-6946a3170037|Laura Bishop||650195B6-9357-C147-C24E-7FBDAEEC74ED|5A13538F-AC41-FDE2-4CD6-B939FA03123B
c84a944c-2689-4955-806a-2816629a3305|Cheryl Carpenter||C6D5BA33-C95E-BCC3-D951-2A099E5F9230|5A13538F-AC41-FDE2-4CD6-B939FA03123B
a39cbbf6-5f83-4c7c-b5fd-5ae99a265cc7|Paul Stanley||8038D870-5455-A2D6-18A9-BD5FA1D0A10A|5A13538F-AC41-FDE2-4CD6-B939FA03123B
27defa8d-b8f5-43c7-83c0-e34d825717fc|Willie Burke||C937CE62-C4A9-131F-C96E-2DB8A9E886AB|5A13538F-AC41-FDE2-4CD6-B939FA03123B
47b045aa-9874-4c81-97ba-5339fb91c87f|Martin Shaw||C3CFA249-F2A3-8253-1F44-B1C594C6A8D2|5A13538F-AC41-FDE2-4CD6-B939FA03123B
c96786d9-99c1-4b48-8d88-1d29df94c196|Rachel Perkins||650195B6-9357-C147-C24E-7FBDAEEC74ED|5A13538F-AC41-FDE2-4CD6-B939FA03123B
6a918e4d-6a99-4e64-bd5e-ca1a0e51eda8|Patricia Thompson||C6D5BA33-C95E-BCC3-D951-2A099E5F9230|5A13538F-AC41-FDE2-4CD6-B939FA03123B
28837951-e822-4d65-8c3e-782edfbac3a6|Jacqueline Hunt||8038D870-5455-A2D6-18A9-BD5FA1D0A10A|5A13538F-AC41-FDE2-4CD6-B939FA03123B
ec45ca7d-c670-4122-a629-e2259a89484f|Judith Alexander||C937CE62-C4A9-131F-C96E-2DB8A9E886AB|5A13538F-AC41-FDE2-4CD6-B939FA03123B
556506ad-8b56-496c-a842-a199aefb7386|Anne Myers||C3CFA249-F2A3-8253-1F44-B1C594C6A8D2|5A13538F-AC41-FDE2-4CD6-B939FA03123B
3eb901e3-b1ad-4c93-b532-68132cf62bf6|Linda Simmons||650195B6-9357-C147-C24E-7FBDAEEC74ED|5A13538F-AC41-FDE2-4CD6-B939FA03123B
9a83524f-eb27-452e-a1e5-4f2fc7aa7583|Rebecca Lynch||C6D5BA33-C95E-BCC3-D951-2A099E5F9230|5A13538F-AC41-FDE2-4CD6-B939FA03123B
f1207f68-1595-4e27-a2c5-ed04024b42ba|Jeffrey Ruiz||8038D870-5455-A2D6-18A9-BD5FA1D0A10A|5A13538F-AC41-FDE2-4CD6-B939FA03123B
acd68ade-8988-470d-9189-6132b9371a9b|Frank Clark||C937CE62-C4A9-131F-C96E-2DB8A9E886AB|5A13538F-AC41-FDE2-4CD6-B939FA03123B
57a0b9eb-1174-44f9-83f5-9cd25da446d2|Debra Kelley||C3CFA249-F2A3-8253-1F44-B1C594C6A8D2|5A13538F-AC41-FDE2-4CD6-B939FA03123B
896bd24a-8058-4e6e-a5c5-00980da05d06|Thomas Cruz||650195B6-9357-C147-C24E-7FBDAEEC74ED|5A13538F-AC41-FDE2-4CD6-B939FA03123B
399b052a-b93b-4357-898e-df4f17b02d8a|Raymond Cox||C6D5BA33-C95E-BCC3-D951-2A099E5F9230|5A13538F-AC41-FDE2-4CD6-B939FA03123B
475b8931-eb92-4ce1-a8e9-24d9af063ed6|Teresa Harper||8038D870-5455-A2D6-18A9-BD5FA1D0A10A|5A13538F-AC41-FDE2-4CD6-B939FA03123B
6e3d5745-a1c2-4e13-bf3d-0c6f184965fb|Shawn Carpenter||C937CE62-C4A9-131F-C96E-2DB8A9E886AB|5A13538F-AC41-FDE2-4CD6-B939FA03123B
adbbb5aa-98f6-4df2-984a-0428a09da79c|Mark Richards||C3CFA249-F2A3-8253-1F44-B1C594C6A8D2|5A13538F-AC41-FDE2-4CD6-B939FA03123B
a18e582e-b353-4796-a843-e5fe039ffe79|Kenneth Carter||650195B6-9357-C147-C24E-7FBDAEEC74ED|5A13538F-AC41-FDE2-4CD6-B939FA03123B
d35c0a6b-7715-4fb2-8046-b1802d771c8e|Harry Carr||C6D5BA33-C95E-BCC3-D951-2A099E5F9230|5A13538F-AC41-FDE2-4CD6-B939FA03123B
1b2127db-4579-4b73-822d-32e01804f9fe|Judy Vasquez||8038D870-5455-A2D6-18A9-BD5FA1D0A10A|5A13538F-AC41-FDE2-4CD6-B939FA03123B
160df186-1cf3-48c9-aa01-2a6200c61ce4|Kelly Kelley||C937CE62-C4A9-131F-C96E-2DB8A9E886AB|5A13538F-AC41-FDE2-4CD6-B939FA03123B
aaf51964-bc9f-4c00-8a14-a367024c9248|Keith Watkins||C3CFA249-F2A3-8253-1F44-B1C594C6A8D2|5A13538F-AC41-FDE2-4CD6-B939FA03123B
bc93a6ce-ba10-4d0e-a2db-c3559bbca769|Joe Phillips||650195B6-9357-C147-C24E-7FBDAEEC74ED|5A13538F-AC41-FDE2-4CD6-B939FA03123B
44b72d41-09be-4a38-8562-9d96ea4843be|Rachel Chapman||C6D5BA33-C95E-BCC3-D951-2A099E5F9230|5A13538F-AC41-FDE2-4CD6-B939FA03123B
dfdf9ca0-9e13-4272-99ed-82304bf29d60|Fred Collins||8038D870-5455-A2D6-18A9-BD5FA1D0A10A|5A13538F-AC41-FDE2-4CD6-B939FA03123B
3a29689c-6b35-41ff-8306-d24179afa62a|Willie Gardner||C937CE62-C4A9-131F-C96E-2DB8A9E886AB|5A13538F-AC41-FDE2-4CD6-B939FA03123B
a95ad282-1ec3-455f-9b9f-b90f72b513f4|Tina Nichols||C3CFA249-F2A3-8253-1F44-B1C594C6A8D2|5A13538F-AC41-FDE2-4CD6-B939FA03123B
77cd388b-5a80-4805-9a75-ddca312480c6|Randy Henry||650195B6-9357-C147-C24E-7FBDAEEC74ED|5A13538F-AC41-FDE2-4CD6-B939FA03123B
037f288a-0a24-495e-a9a4-bf92a826b47d|Jesse Burns||C6D5BA33-C95E-BCC3-D951-2A099E5F9230|5A13538F-AC41-FDE2-4CD6-B939FA03123B
e6c7ad6e-db7e-4979-a1c7-ac299f39d273|Anne Palmer||8038D870-5455-A2D6-18A9-BD5FA1D0A10A|5A13538F-AC41-FDE2-4CD6-B939FA03123B
8a09b32d-1cc6-409f-9237-50a575e99375|Howard Henderson||C937CE62-C4A9-131F-C96E-2DB8A9E886AB|5A13538F-AC41-FDE2-4CD6-B939FA03123B
bfd14b9a-38c4-47f0-ba54-b6cac06909cf|Jeffrey Olson||C3CFA249-F2A3-8253-1F44-B1C594C6A8D2|5A13538F-AC41-FDE2-4CD6-B939FA03123B
d1b21044-91e6-4617-b746-fe147c527ed0|Edward Vasquez||650195B6-9357-C147-C24E-7FBDAEEC74ED|5A13538F-AC41-FDE2-4CD6-B939FA03123B
5a825a81-b917-4428-b77a-702c4352861f|Amanda Cruz||C6D5BA33-C95E-BCC3-D951-2A099E5F9230|5A13538F-AC41-FDE2-4CD6-B939FA03123B
099a41b7-ad2d-45d3-af56-2f5c7391945d|Cynthia Johnston||8038D870-5455-A2D6-18A9-BD5FA1D0A10A|5A13538F-AC41-FDE2-4CD6-B939FA03123B
85ef4aeb-eb6f-400f-af41-6f951b035d95|Jean Roberts||C937CE62-C4A9-131F-C96E-2DB8A9E886AB|5A13538F-AC41-FDE2-4CD6-B939FA03123B
da7eae96-a75f-4a01-90f4-bd8bc50d966d|Rebecca Moreno||C3CFA249-F2A3-8253-1F44-B1C594C6A8D2|5A13538F-AC41-FDE2-4CD6-B939FA03123B
0d8c6ba4-efdc-471a-ba80-f9955e0abd30|Steven Ortiz||650195B6-9357-C147-C24E-7FBDAEEC74ED|5A13538F-AC41-FDE2-4CD6-B939FA03123B
427a74a8-f29b-4cf3-94c0-4c2b385a9120|Jesse Hudson||C6D5BA33-C95E-BCC3-D951-2A099E5F9230|5A13538F-AC41-FDE2-4CD6-B939FA03123B
02b20b77-35ca-4fbc-8671-2586d473e207|Harold Carpenter||8038D870-5455-A2D6-18A9-BD5FA1D0A10A|5A13538F-AC41-FDE2-4CD6-B939FA03123B
1c18df53-1821-4df0-82e1-9b3d14469ce5|Johnny Montgomery||C937CE62-C4A9-131F-C96E-2DB8A9E886AB|5A13538F-AC41-FDE2-4CD6-B939FA03123B
f27fd16e-b2c6-47a2-aca5-39b8dfee66d6|Marie Dixon||C3CFA249-F2A3-8253-1F44-B1C594C6A8D2|5A13538F-AC41-FDE2-4CD6-B939FA03123B
73738063-cb2d-4230-8463-6d50d5f603df|Bonnie Alexander||650195B6-9357-C147-C24E-7FBDAEEC74ED|5A13538F-AC41-FDE2-4CD6-B939FA03123B
dbf6bbf0-7aaf-4b87-b02a-5219f18f7869|Roger Fox||C6D5BA33-C95E-BCC3-D951-2A099E5F9230|5A13538F-AC41-FDE2-4CD6-B939FA03123B
68118a9e-03da-4289-9b30-3a45b97deef0|Dennis Edwards||8038D870-5455-A2D6-18A9-BD5FA1D0A10A|5A13538F-AC41-FDE2-4CD6-B939FA03123B
dc9b4264-bd74-4403-a358-3bf0ea38283a|Justin Scott||C937CE62-C4A9-131F-C96E-2DB8A9E886AB|5A13538F-AC41-FDE2-4CD6-B939FA03123B
3be432f7-6d9f-4608-bb18-b8561b1a58b1|Gregory Stephens||C3CFA249-F2A3-8253-1F44-B1C594C6A8D2|5A13538F-AC41-FDE2-4CD6-B939FA03123B
9a5f1194-b2c8-44ac-91a6-5d9cbff5cde7|Jesse Perez||650195B6-9357-C147-C24E-7FBDAEEC74ED|5A13538F-AC41-FDE2-4CD6-B939FA03123B
8c2748d6-47e9-4642-82b9-fafd5ddfdacf|Judy Flores||C6D5BA33-C95E-BCC3-D951-2A099E5F9230|5A13538F-AC41-FDE2-4CD6-B939FA03123B
ed848df2-eb91-4897-a2dc-e65fb8fa7ac1|Robin Myers||8038D870-5455-A2D6-18A9-BD5FA1D0A10A|5A13538F-AC41-FDE2-4CD6-B939FA03123B
e4bd3fd1-c6cf-468a-965c-d0665ff0bb7f|Julie Reed||C937CE62-C4A9-131F-C96E-2DB8A9E886AB|5A13538F-AC41-FDE2-4CD6-B939FA03123B
51b2fb42-25f7-47a8-9946-3025d199cbfc|Sarah Davis||C3CFA249-F2A3-8253-1F44-B1C594C6A8D2|5A13538F-AC41-FDE2-4CD6-B939FA03123B
b62a03b5-f837-4e32-860b-e452951dc560|Timothy Ramirez||650195B6-9357-C147-C24E-7FBDAEEC74ED|5A13538F-AC41-FDE2-4CD6-B939FA03123B
37b8d23a-31de-47a6-a897-d8843568a10d|Henry Montgomery||C6D5BA33-C95E-BCC3-D951-2A099E5F9230|5A13538F-AC41-FDE2-4CD6-B939FA03123B
2f88629b-13fb-46ef-9cce-97b4fa5ca809|Christina Little||8038D870-5455-A2D6-18A9-BD5FA1D0A10A|5A13538F-AC41-FDE2-4CD6-B939FA03123B
b4b3ff22-19d0-43a0-966d-df2bbaa27a19|Daniel Marshall||C937CE62-C4A9-131F-C96E-2DB8A9E886AB|5A13538F-AC41-FDE2-4CD6-B939FA03123B
53954fe5-df88-4018-908f-7a672da38e94|Nancy Wells||C3CFA249-F2A3-8253-1F44-B1C594C6A8D2|5A13538F-AC41-FDE2-4CD6-B939FA03123B
340a9b43-8851-47f1-8686-7c0b26e9ec53|Jesse Bailey||650195B6-9357-C147-C24E-7FBDAEEC74ED|5A13538F-AC41-FDE2-4CD6-B939FA03123B
26c65aa8-5478-4432-a451-c039ad43c7bf|Ashley Marshall||C6D5BA33-C95E-BCC3-D951-2A099E5F9230|5A13538F-AC41-FDE2-4CD6-B939FA03123B
d007d3c7-037e-43f0-94a1-fe07aad36343|Paula Anderson||8038D870-5455-A2D6-18A9-BD5FA1D0A10A|5A13538F-AC41-FDE2-4CD6-B939FA03123B
b6ea08f2-833e-4aeb-87c9-a70e3696b4ac|Earl Morrison||C937CE62-C4A9-131F-C96E-2DB8A9E886AB|5A13538F-AC41-FDE2-4CD6-B939FA03123B
f361fed7-a098-4e03-b390-1a0740e7617e|Wanda Bennett||C3CFA249-F2A3-8253-1F44-B1C594C6A8D2|5A13538F-AC41-FDE2-4CD6-B939FA03123B
71819541-95b0-4748-921a-28a3b17f1e1f|Julia Ford||650195B6-9357-C147-C24E-7FBDAEEC74ED|5A13538F-AC41-FDE2-4CD6-B939FA03123B
f93e8348-8c34-430c-b496-cf702f48b083|Paul Kim||C6D5BA33-C95E-BCC3-D951-2A099E5F9230|5A13538F-AC41-FDE2-4CD6-B939FA03123B
f4201133-3a0a-4447-bf05-493cb51ec1ec|David Cook||8038D870-5455-A2D6-18A9-BD5FA1D0A10A|5A13538F-AC41-FDE2-4CD6-B939FA03123B
35585e8f-aebd-4775-a156-f4a806e6acec|George Murphy||C937CE62-C4A9-131F-C96E-2DB8A9E886AB|5A13538F-AC41-FDE2-4CD6-B939FA03123B
6503fa82-3af0-4772-9233-e57a4fe0d7ce|Todd Fowler||C3CFA249-F2A3-8253-1F44-B1C594C6A8D2|5A13538F-AC41-FDE2-4CD6-B939FA03123B
88c514c7-4ff0-4be8-99f7-87e2afbc4df7|Walter Armstrong||650195B6-9357-C147-C24E-7FBDAEEC74ED|5A13538F-AC41-FDE2-4CD6-B939FA03123B
9b66ccb9-b9f0-4b55-b9ac-b047683f96ef|Betty Garrett||C6D5BA33-C95E-BCC3-D951-2A099E5F9230|5A13538F-AC41-FDE2-4CD6-B939FA03123B
d4af9706-275b-467f-b8ee-61488a135fc2|Maria Armstrong||8038D870-5455-A2D6-18A9-BD5FA1D0A10A|5A13538F-AC41-FDE2-4CD6-B939FA03123B
642b778d-fed5-4173-ac80-0a000ce70a63|Lillian Spencer||C937CE62-C4A9-131F-C96E-2DB8A9E886AB|5A13538F-AC41-FDE2-4CD6-B939FA03123B
c67d307a-25d8-410a-a326-d946a73483d3|Catherine Medina||C3CFA249-F2A3-8253-1F44-B1C594C6A8D2|5A13538F-AC41-FDE2-4CD6-B939FA03123B
60b887a1-af8a-4b25-9de7-33b56ad4e3f6|Diana Hansen||650195B6-9357-C147-C24E-7FBDAEEC74ED|5A13538F-AC41-FDE2-4CD6-B939FA03123B
d543ff30-9eb6-49ed-afa9-2598c96fd857|Theresa Diaz||C6D5BA33-C95E-BCC3-D951-2A099E5F9230|5A13538F-AC41-FDE2-4CD6-B939FA03123B
068eba70-9972-4dbc-b50d-313813a8192a|Aaron Wallace||8038D870-5455-A2D6-18A9-BD5FA1D0A10A|5A13538F-AC41-FDE2-4CD6-B939FA03123B
74181ad1-6c6c-47f4-8c76-c105ced09401|Todd Scott||C937CE62-C4A9-131F-C96E-2DB8A9E886AB|5A13538F-AC41-FDE2-4CD6-B939FA03123B
e7d86df5-ac97-4f2c-8f5b-e0fe45e18773|Shawn Hicks||C3CFA249-F2A3-8253-1F44-B1C594C6A8D2|5A13538F-AC41-FDE2-4CD6-B939FA03123B
63a88277-400e-4143-8877-edb002409fc9|Nicholas Walker||650195B6-9357-C147-C24E-7FBDAEEC74ED|5A13538F-AC41-FDE2-4CD6-B939FA03123B
475d70da-1411-4e30-aa4b-db8bb02a13e1|Catherine Campbell||C6D5BA33-C95E-BCC3-D951-2A099E5F9230|5A13538F-AC41-FDE2-4CD6-B939FA03123B
3b4d370c-ac33-4614-b4a0-6f7d76191f50|Jesse Perkins||8038D870-5455-A2D6-18A9-BD5FA1D0A10A|5A13538F-AC41-FDE2-4CD6-B939FA03123B
c3087394-6658-4ca7-b0d3-01c53a86db81|Antonio Sanchez||C937CE62-C4A9-131F-C96E-2DB8A9E886AB|5A13538F-AC41-FDE2-4CD6-B939FA03123B
21dd40e3-bc7f-49c1-ba0e-cc2391a95250|Kathy King||C3CFA249-F2A3-8253-1F44-B1C594C6A8D2|5A13538F-AC41-FDE2-4CD6-B939FA03123B
d84b0807-0614-4d89-a6f9-ee218d2e2f17|Godfrey Gitahi||650195B6-9357-C147-C24E-7FBDAEEC74ED|5A13538F-AC41-FDE2-4CD6-B939FA03123B
b5e7b7cd-6cd6-4baf-90fb-a330332406ed|John Muritu||C6D5BA33-C95E-BCC3-D951-2A099E5F9230|5A13538F-AC41-FDE2-4CD6-B939FA03123B
15dfb381-fb95-44d2-ab6e-b932765955a6|James Maina||8038D870-5455-A2D6-18A9-BD5FA1D0A10A|5A13538F-AC41-FDE2-4CD6-B939FA03123B
1ef8de81-d309-42ae-89af-e09c6195aacf|Peter Mburu||C937CE62-C4A9-131F-C96E-2DB8A9E886AB|5A13538F-AC41-FDE2-4CD6-B939FA03123B
e0b5abcd-50ec-413b-bbe6-39a22f5b233e|John Kinyua||C3CFA249-F2A3-8253-1F44-B1C594C6A8D2|5A13538F-AC41-FDE2-4CD6-B939FA03123B
80912215-59cd-4e90-bf98-ffa43b236135|Charles Kira||650195B6-9357-C147-C24E-7FBDAEEC74ED|5A13538F-AC41-FDE2-4CD6-B939FA03123B
bc36e81a-f64b-401b-adae-f172717b5c41|Stanley Chege||C6D5BA33-C95E-BCC3-D951-2A099E5F9230|5A13538F-AC41-FDE2-4CD6-B939FA03123B
380c2f16-3625-4a00-978c-be08a745ea4e|Ben Gathogo||8038D870-5455-A2D6-18A9-BD5FA1D0A10A|5A13538F-AC41-FDE2-4CD6-B939FA03123B
1104a02d-062e-44f0-bc36-16246711c4cc|Jayne Njeri Wanjiru||C937CE62-C4A9-131F-C96E-2DB8A9E886AB|5A13538F-AC41-FDE2-4CD6-B939FA03123B
225b351e-1444-4a7a-b888-7f611b782eef|Josepha Wambui||C3CFA249-F2A3-8253-1F44-B1C594C6A8D2|5A13538F-AC41-FDE2-4CD6-B939FA03123B
a6af7f69-2af2-4184-af67-93eb1a2102b6|Bernard Mburu||650195B6-9357-C147-C24E-7FBDAEEC74ED|5A13538F-AC41-FDE2-4CD6-B939FA03123B
dd8a8f10-e4d7-4c31-adb4-a168451ff5dd|Sitswila Amos||C6D5BA33-C95E-BCC3-D951-2A099E5F9230|5A13538F-AC41-FDE2-4CD6-B939FA03123B
9bde7fac-49ab-460e-a205-62303f9930b2|Agnes Salome||8038D870-5455-A2D6-18A9-BD5FA1D0A10A|5A13538F-AC41-FDE2-4CD6-B939FA03123B
de73f14f-a4f7-45ec-91f0-0fb38407ead5|James Aggrey Bob||C937CE62-C4A9-131F-C96E-2DB8A9E886AB|5A13538F-AC41-FDE2-4CD6-B939FA03123B
5dcdf5ec-e2cf-4226-9028-89f9758a46da|Winston Ochoro||C3CFA249-F2A3-8253-1F44-B1C594C6A8D2|5A13538F-AC41-FDE2-4CD6-B939FA03123B
aa2b1e81-13e3-46c1-b1af-c8b196b131e9|Peter Anyang'||650195B6-9357-C147-C24E-7FBDAEEC74ED|5A13538F-AC41-FDE2-4CD6-B939FA03123B
4aa28c8a-1d7b-46dd-a429-e10a941c064f|Alice Aoko||C6D5BA33-C95E-BCC3-D951-2A099E5F9230|5A13538F-AC41-FDE2-4CD6-B939FA03123B
3bebdb26-d940-4e09-a255-7c96d0eb3915|George Nyambune||8038D870-5455-A2D6-18A9-BD5FA1D0A10A|5A13538F-AC41-FDE2-4CD6-B939FA03123B
e5e329f0-c94c-4768-9eb7-3d1963ce8d0c|Hilary Ochieng||C937CE62-C4A9-131F-C96E-2DB8A9E886AB|5A13538F-AC41-FDE2-4CD6-B939FA03123B
e6906c96-9256-4d82-91d4-7a969f1a272b|Emma Edward||C3CFA249-F2A3-8253-1F44-B1C594C6A8D2|5A13538F-AC41-FDE2-4CD6-B939FA03123B
b67927b6-9afb-46bb-b105-698ccd983b6b|Shakila Abdalla||650195B6-9357-C147-C24E-7FBDAEEC74ED|5A13538F-AC41-FDE2-4CD6-B939FA03123B
1650a514-401a-47e7-a3d8-c38722519a9b|Julianna Mclin||C6D5BA33-C95E-BCC3-D951-2A099E5F9230|5A13538F-AC41-FDE2-4CD6-B939FA03123B
eb56f0c0-4d64-45b9-9e5a-b81b758ecac6|Anastasia Wanjiru||8038D870-5455-A2D6-18A9-BD5FA1D0A10A|5A13538F-AC41-FDE2-4CD6-B939FA03123B
a7f1f8ff-6c9c-4913-ac83-1674317bd4e1|Ruweida Mohamed||C937CE62-C4A9-131F-C96E-2DB8A9E886AB|5A13538F-AC41-FDE2-4CD6-B939FA03123B
ad91e211-e174-42b7-9b3a-9879035c4e20|Christine Ruth Saru||C3CFA249-F2A3-8253-1F44-B1C594C6A8D2|5A13538F-AC41-FDE2-4CD6-B939FA03123B
0377b5e5-5983-4244-920d-c2e84b102352|Joyce Wanjalah||650195B6-9357-C147-C24E-7FBDAEEC74ED|5A13538F-AC41-FDE2-4CD6-B939FA03123B
e3b93ea3-4531-492c-aced-be120092373d|Editha Samree||C6D5BA33-C95E-BCC3-D951-2A099E5F9230|5A13538F-AC41-FDE2-4CD6-B939FA03123B
e98f0ac9-c037-4af1-b0f3-568333f3c0b9|Pricilar Wangui||8038D870-5455-A2D6-18A9-BD5FA1D0A10A|5A13538F-AC41-FDE2-4CD6-B939FA03123B
e88d80f7-8038-4e63-9149-b0be773449c2|Anna Kina||C937CE62-C4A9-131F-C96E-2DB8A9E886AB|5A13538F-AC41-FDE2-4CD6-B939FA03123B
97f33026-2bd7-42d2-8b02-697277147ac3|Shamsa Abdi Kadir||C3CFA249-F2A3-8253-1F44-B1C594C6A8D2|5A13538F-AC41-FDE2-4CD6-B939FA03123B
8ccd2a4b-3974-40a4-a48d-dcd74fd24ec7|Shukra Hussein||650195B6-9357-C147-C24E-7FBDAEEC74ED|5A13538F-AC41-FDE2-4CD6-B939FA03123B
83045eaa-d84b-4cf8-a9ee-2809cd5fae33|Shamsa Mohamed||C6D5BA33-C95E-BCC3-D951-2A099E5F9230|5A13538F-AC41-FDE2-4CD6-B939FA03123B
19c56f10-b782-456e-9e1f-3cbb04285d83|Fe Pendarvis||8038D870-5455-A2D6-18A9-BD5FA1D0A10A|5A13538F-AC41-FDE2-4CD6-B939FA03123B
c7f04f68-5031-4b9c-bd0d-52e636b3736b|Maryan Hussein||C937CE62-C4A9-131F-C96E-2DB8A9E886AB|5A13538F-AC41-FDE2-4CD6-B939FA03123B
b2e78c72-f0a3-4798-a236-1299c6d06256|Ebla Europe||C3CFA249-F2A3-8253-1F44-B1C594C6A8D2|5A13538F-AC41-FDE2-4CD6-B939FA03123B
ad555efa-dca8-4377-9640-8ac920b6e5bc|Sahara Hassan||650195B6-9357-C147-C24E-7FBDAEEC74ED|5A13538F-AC41-FDE2-4CD6-B939FA03123B
764a846a-465f-4a7f-aa80-0ef3dd95107a|Fatuma Gedi||C6D5BA33-C95E-BCC3-D951-2A099E5F9230|5A13538F-AC41-FDE2-4CD6-B939FA03123B
be122856-51d1-4304-9bd9-20ba8196950f|Rachelle Oommen||8038D870-5455-A2D6-18A9-BD5FA1D0A10A|5A13538F-AC41-FDE2-4CD6-B939FA03123B
61f39008-0659-4ab3-a075-7bea4b6723e2|Abdi Amin||C937CE62-C4A9-131F-C96E-2DB8A9E886AB|5A13538F-AC41-FDE2-4CD6-B939FA03123B
a5b090dc-6a34-4095-b844-3f565b13a606|Eusebia Warue||C3CFA249-F2A3-8253-1F44-B1C594C6A8D2|5A13538F-AC41-FDE2-4CD6-B939FA03123B
1dd17aef-e9b4-4b2c-ae72-23a9ea24741c|Edith Roseline Nginya||650195B6-9357-C147-C24E-7FBDAEEC74ED|5A13538F-AC41-FDE2-4CD6-B939FA03123B
553264a3-fe57-4a3b-bf8b-6df895dfd6dc|Jane Florence Rwamba||C6D5BA33-C95E-BCC3-D951-2A099E5F9230|5A13538F-AC41-FDE2-4CD6-B939FA03123B
14807c68-c1da-4cac-993c-97c9977ede06|Hellen Waiyigo||8038D870-5455-A2D6-18A9-BD5FA1D0A10A|5A13538F-AC41-FDE2-4CD6-B939FA03123B
66112cba-a2b5-4c9d-ad15-288d0434828c|Rosemary Wanja||C937CE62-C4A9-131F-C96E-2DB8A9E886AB|5A13538F-AC41-FDE2-4CD6-B939FA03123B
a127483b-33db-4ea0-aacc-9dc5abbbcfa9|Beatrice Kanini||C3CFA249-F2A3-8253-1F44-B1C594C6A8D2|5A13538F-AC41-FDE2-4CD6-B939FA03123B
0edf02cd-3917-4c41-8e6d-9411c015110a|Jane Mwende Kimuyu||650195B6-9357-C147-C24E-7FBDAEEC74ED|5A13538F-AC41-FDE2-4CD6-B939FA03123B
742c744d-70bc-49be-9001-0972f88d441f|Winifred Syombua||C6D5BA33-C95E-BCC3-D951-2A099E5F9230|5A13538F-AC41-FDE2-4CD6-B939FA03123B
be913548-b78d-4807-8282-da3ed976df6b|Anthony Wafula||8038D870-5455-A2D6-18A9-BD5FA1D0A10A|5A13538F-AC41-FDE2-4CD6-B939FA03123B
81ffe025-3da8-46a8-b31d-4ca410b6deec|Cyrus Kariuki Kinandu||C937CE62-C4A9-131F-C96E-2DB8A9E886AB|5A13538F-AC41-FDE2-4CD6-B939FA03123B
87113738-0a10-4010-a5fe-ffd96925fdbf|James Kariuki||C3CFA249-F2A3-8253-1F44-B1C594C6A8D2|5A13538F-AC41-FDE2-4CD6-B939FA03123B
59d8e9d9-e8e6-4465-aa64-d513e759c714|David Wang'ombe||650195B6-9357-C147-C24E-7FBDAEEC74ED|5A13538F-AC41-FDE2-4CD6-B939FA03123B
4b578017-c3c1-45d0-b2a3-45c20928adc9|Jane Mumbi||C6D5BA33-C95E-BCC3-D951-2A099E5F9230|5A13538F-AC41-FDE2-4CD6-B939FA03123B
891e3d98-a1e2-4337-b836-ce15be20fce6|Bernard Sang||8038D870-5455-A2D6-18A9-BD5FA1D0A10A|5A13538F-AC41-FDE2-4CD6-B939FA03123B
3f7c59d8-ff27-46a6-800b-f0488a5b55cf|Ken Macharia||C937CE62-C4A9-131F-C96E-2DB8A9E886AB|5A13538F-AC41-FDE2-4CD6-B939FA03123B
0e82cf83-66f8-42bc-8bfa-3dc8cd2620ce|Moses Gathecha Wakanyi||C3CFA249-F2A3-8253-1F44-B1C594C6A8D2|5A13538F-AC41-FDE2-4CD6-B939FA03123B
16a2817e-8fb9-42cf-a3aa-99548e8d41f7|David Ndungu Kiura||650195B6-9357-C147-C24E-7FBDAEEC74ED|5A13538F-AC41-FDE2-4CD6-B939FA03123B
35027080-a558-45b6-8ead-9744247a4d8e|Simon Mandi||C6D5BA33-C95E-BCC3-D951-2A099E5F9230|5A13538F-AC41-FDE2-4CD6-B939FA03123B
757c11f3-3cdf-4af5-b8e8-acf55df82d0d|Peter Thiong'o||8038D870-5455-A2D6-18A9-BD5FA1D0A10A|5A13538F-AC41-FDE2-4CD6-B939FA03123B
c10d483a-05c8-4da0-875b-42441b41e447|Jay Kalu||C937CE62-C4A9-131F-C96E-2DB8A9E886AB|5A13538F-AC41-FDE2-4CD6-B939FA03123B
292511be-049e-4fda-ae28-469a7af84227|George Njoroge Maina||C3CFA249-F2A3-8253-1F44-B1C594C6A8D2|5A13538F-AC41-FDE2-4CD6-B939FA03123B
8b4c642a-21ad-4dc9-b0fc-fa76e61ec489|Fredrick Kibet Koskei||650195B6-9357-C147-C24E-7FBDAEEC74ED|5A13538F-AC41-FDE2-4CD6-B939FA03123B
c52c1adc-1d7d-4bd8-97e9-a7bc0322b8e5|Hosea Kandie||C6D5BA33-C95E-BCC3-D951-2A099E5F9230|5A13538F-AC41-FDE2-4CD6-B939FA03123B
4006b004-e676-4324-9f21-1e00dd5d0ad8|James Kimani Chege||8038D870-5455-A2D6-18A9-BD5FA1D0A10A|5A13538F-AC41-FDE2-4CD6-B939FA03123B
88ab4219-b13d-4ddb-a5f8-f8b35b6aa5fa|Semba Jefuneh Ongeri||C937CE62-C4A9-131F-C96E-2DB8A9E886AB|5A13538F-AC41-FDE2-4CD6-B939FA03123B
6c254061-fa97-4ca5-b649-f801b91bc9cb|Joseph Muongi||C3CFA249-F2A3-8253-1F44-B1C594C6A8D2|5A13538F-AC41-FDE2-4CD6-B939FA03123B
60a02061-deaa-49e3-ac8a-e1124964b034|Onesmus Kamau||650195B6-9357-C147-C24E-7FBDAEEC74ED|5A13538F-AC41-FDE2-4CD6-B939FA03123B
52ea7495-2568-4a0c-b952-abe7bed2d2de|Kennedy Ochieng||C6D5BA33-C95E-BCC3-D951-2A099E5F9230|5A13538F-AC41-FDE2-4CD6-B939FA03123B
0269b471-bbcd-43e2-95be-a4c0687830e5|Victor Momanyi||8038D870-5455-A2D6-18A9-BD5FA1D0A10A|5A13538F-AC41-FDE2-4CD6-B939FA03123B
115422f9-c669-46de-9a45-b6790fece542|Margaret Muthoni||C937CE62-C4A9-131F-C96E-2DB8A9E886AB|5A13538F-AC41-FDE2-4CD6-B939FA03123B
857d1740-a302-4b89-a6f2-6d42d73d6907|Rose Rwamba||C3CFA249-F2A3-8253-1F44-B1C594C6A8D2|5A13538F-AC41-FDE2-4CD6-B939FA03123B
b0ca5c8d-a741-4979-b8ef-1120d140fdea|Mary Ndunge||650195B6-9357-C147-C24E-7FBDAEEC74ED|5A13538F-AC41-FDE2-4CD6-B939FA03123B
2735fd77-3f71-4846-9cc5-c9c53be9f92f|Tyson Bachelder||C6D5BA33-C95E-BCC3-D951-2A099E5F9230|5A13538F-AC41-FDE2-4CD6-B939FA03123B
de14786f-9a41-462d-8df6-7d1b3bf408cd|Marcos Johnstone||8038D870-5455-A2D6-18A9-BD5FA1D0A10A|5A13538F-AC41-FDE2-4CD6-B939FA03123B
20c1fda9-ccab-4f11-b7f7-e9db46721287|Lindsay Seabolt||C937CE62-C4A9-131F-C96E-2DB8A9E886AB|5A13538F-AC41-FDE2-4CD6-B939FA03123B
