Contact_Id|Group_Id
1|5
1|3
1|4
2|2
3|1
3|2
3|5
3|3
4|1
7|1
7|5
7|3
7|4
12|5
12|2
12|3
17|1
17|5
22|1
32|1
32|5
32|3
32|4
37|5
37|2
37|3
47|2
47|3
48|2
48|3
51|2
51|4
52|1
53|1
53|5
53|4
53|3
57|2
57|5
62|1
62|2
62|3
67|5
77|1
77|2
77|3
77|4
82|1
82|4
92|5
92|3
92|4
97|4
99|1
99|5
99|2
99|3
102|3
102|4
107|2
112|3
117|2
117|5
122|2
122|5
122|3
127|1
127|5
132|1
132|5
132|4
132|3
142|4
152|1
152|2
152|3
152|4
157|1
157|5
157|2
157|3
162|2
167|1
167|5
167|2
167|4
172|1
172|5
172|2
172|3
177|1
177|2
177|4
177|3
187|1
192|2
192|5
192|4
192|3
197|1
197|5
197|4
202|1
202|2
202|5
202|4
217|1
217|5
217|2
217|3
222|2
222|5
222|4
222|3
232|4
237|2
237|3
242|1
242|5
242|2
242|3
257|2
257|4
267|3
272|1
272|5
277|1
277|2
277|5
277|3
282|1
287|1
287|5
287|4
287|3
302|2
302|4
302|3
307|5
312|5
322|4
342|1
342|5
342|3
347|1
347|2
347|3
352|2
352|5
352|4
352|3
357|2
357|4
357|3
362|1
362|5
362|4
362|3
372|1
372|5
377|2
377|5
377|4
387|4
392|2
392|5
392|4
392|3
397|1
397|2
397|5
397|4
407|1
407|5
407|2
407|3
412|2
412|3
412|4
427|1
427|3
432|2
432|5
432|4
432|3
437|5
437|2
437|4
437|3
442|1
442|2
442|5
442|4
447|5
457|1
457|5
457|2
457|4
467|1
467|5
467|2
472|1
472|3
482|5
482|2
487|2
487|5
487|4
487|3
492|5
492|4
497|2
9|32
9|48
9|17
9|99
9|7
9|28
9|79
9|14
9|38
9|74
9|29
9|72
9|12
9|64
9|44
9|87
9|62
9|39
14|47
14|34
14|19
14|99
14|37
14|52
14|38
14|42
14|9
14|12
14|44
14|87
14|39
14|23
14|49
14|48
14|33
14|28
14|77
14|82
14|14
14|74
14|94
14|27
19|34
19|47
19|69
19|99
19|59
19|84
19|37
19|52
19|42
19|9
19|29
19|72
19|18
19|44
19|8
19|12
19|23
19|97
19|92
19|48
19|33
19|43
19|28
19|79
19|7
19|77
19|82
19|14
19|27
24|99
24|59
24|89
24|38
24|9
24|8
24|44
24|87
24|62
24|39
24|23
24|97
24|92
24|49
24|43
24|79
24|28
24|77
24|82
24|14
24|57
24|74
24|67
24|27
29|34
29|19
29|32
29|69
29|17
29|99
29|59
29|89
29|84
29|37
29|52
29|38
29|42
29|9
29|22
29|29
29|72
29|18
29|87
29|12
29|8
29|44
29|62
29|39
29|24
29|23
29|92
29|97
29|48
29|43
29|54
29|28
29|79
29|7
29|77
29|82
29|14
29|57
29|74
29|67
29|64
29|94
29|27
34|47
34|34
34|32
34|69
34|17
34|99
34|59
34|89
34|84
34|38
34|42
34|9
34|22
34|29
34|72
34|18
34|44
34|12
34|8
34|62
34|39
34|24
34|23
34|92
34|97
34|49
34|48
34|33
34|54
34|79
34|7
34|28
34|77
34|14
34|57
34|74
34|67
34|64
34|94
34|13
34|27
39|34
39|47
39|19
39|32
39|17
39|99
39|59
39|89
39|37
39|84
39|52
39|38
39|42
39|9
39|22
39|29
39|72
39|18
39|12
39|8
39|87
39|44
39|62
39|39
39|23
39|97
39|92
39|49
39|48
39|33
39|43
39|54
39|79
39|28
39|77
39|82
39|14
39|57
39|67
39|64
39|13
39|94
39|27
44|47
44|19
44|32
44|17
44|99
44|59
44|37
44|84
44|52
44|38
44|9
44|29
44|22
44|72
44|18
44|12
44|8
44|87
44|44
44|62
44|39
44|23
44|24
44|92
44|97
44|48
44|33
44|54
44|79
44|7
44|28
44|77
44|82
44|14
44|57
44|74
44|67
44|64
44|94
44|13
44|27
64|32
64|69
64|17
64|99
64|59
64|84
64|38
64|42
64|29
64|72
64|18
64|12
64|87
64|8
64|62
64|39
64|24
64|97
64|92
64|33
64|54
64|7
64|79
64|28
64|77
64|14
64|57
64|74
64|67
64|64
64|94
64|13
64|27
69|47
69|34
69|19
69|32
69|69
69|17
69|99
69|59
69|89
69|84
69|37
69|52
69|38
69|9
69|29
69|22
69|18
69|87
69|8
69|44
69|23
69|24
69|92
69|97
69|49
69|48
69|33
69|43
69|54
69|7
69|79
69|28
69|77
69|14
69|74
69|64
69|27
74|29
79|67
79|48
79|99
79|54
79|59
79|94
84|34
84|47
84|19
84|32
84|69
84|17
84|99
84|59
84|89
84|37
84|84
84|52
84|38
84|42
84|9
84|22
84|29
84|18
84|44
84|87
84|12
84|8
84|62
84|39
84|24
84|23
84|92
84|97
84|49
84|48
84|33
84|43
84|54
84|7
84|79
84|28
84|77
84|82
84|14
84|57
84|74
84|67
84|64
84|13
84|94
84|27
89|47
89|19
89|32
89|69
89|48
89|17
89|43
89|54
89|79
89|59
89|89
89|37
89|52
89|14
89|42
89|67
89|72
89|18
89|8
89|44
89|39
89|94
94|19
94|48
94|69
94|17
94|79
94|59
94|7
94|38
94|9
94|29
94|18
94|87
94|12
94|24
94|97
104|67
104|34
104|47
104|22
104|48
104|17
104|39
104|7
104|97
104|42
109|19
109|9
109|17
109|44
109|54
109|39
109|28
109|37
109|38
109|42
114|47
114|34
114|32
114|33
114|17
114|79
114|84
114|77
114|37
114|14
114|67
114|9
114|22
114|72
114|87
114|8
114|44
114|94
114|24
114|27
114|97
119|32
119|33
119|18
119|59
124|34
124|69
124|54
124|7
124|89
124|77
124|14
124|38
124|74
124|29
124|22
124|72
124|18
124|87
124|64
124|62
124|13
124|94
124|24
124|97
124|92
129|34
129|32
129|48
129|43
129|59
129|79
129|37
129|84
129|77
129|52
129|38
129|67
129|9
129|87
129|39
129|97
129|92
134|34
134|17
134|99
134|43
134|54
134|59
134|37
134|14
134|74
134|22
134|8
134|62
134|39
134|94
134|23
134|24
134|97
134|92
139|67
139|13
139|92
144|89
144|37
144|82
144|52
144|38
144|9
144|22
144|29
144|18
144|64
144|44
144|12
144|87
144|39
144|27
144|49
149|47
149|69
149|17
149|54
149|79
149|59
149|7
149|9
149|22
149|29
149|8
149|87
149|64
149|62
149|94
149|13
149|24
149|23
149|97
154|34
154|47
154|69
154|48
154|99
154|43
154|79
154|28
154|82
154|64
154|24
154|92
159|47
159|34
159|19
159|69
159|32
159|17
159|99
159|59
159|89
159|37
159|84
159|52
159|38
159|42
159|9
159|22
159|18
159|87
159|24
159|23
159|97
159|49
159|33
159|43
159|79
159|7
159|82
159|14
159|57
159|74
159|67
159|64
159|13
164|47
164|19
164|69
164|32
164|17
164|59
164|89
164|84
164|52
164|38
164|42
164|9
164|22
164|29
164|18
164|87
164|8
164|44
164|12
164|62
164|39
164|23
164|97
164|92
164|33
164|43
164|54
164|79
164|77
164|82
164|14
164|57
164|74
164|67
164|64
164|94
164|13
164|27
169|48
169|17
169|72
169|12
169|28
169|59
169|23
169|52
169|57
174|34
174|47
174|19
174|69
174|32
174|17
174|59
174|89
174|84
174|37
174|52
174|38
174|42
174|9
174|22
174|29
174|72
174|18
174|87
174|12
174|44
174|8
174|62
174|39
174|24
174|23
174|92
174|97
174|49
174|48
174|33
174|43
174|54
174|7
174|79
174|28
174|77
174|82
174|14
174|57
174|74
174|67
174|64
174|94
174|13
174|27
179|79
179|24
179|27
179|92
179|97
179|57
184|47
184|34
184|19
184|17
184|99
184|59
184|89
184|37
184|84
184|52
184|38
184|42
184|9
184|22
184|29
184|44
184|87
184|12
184|8
184|62
184|39
184|23
184|24
184|92
184|97
184|49
184|48
184|33
184|43
184|54
184|79
184|7
184|28
184|77
184|82
184|14
184|57
184|74
184|67
184|64
184|13
184|94
184|27
189|47
189|19
189|33
189|99
189|89
189|82
189|52
189|14
189|74
189|67
189|22
189|87
189|44
189|27
189|92
194|47
194|34
194|19
194|32
194|69
194|17
194|89
194|84
194|38
194|29
194|87
194|12
194|8
194|39
194|23
194|97
194|48
194|33
194|43
194|54
194|7
194|28
194|79
194|77
194|82
194|57
194|74
194|67
194|94
199|19
199|48
199|29
199|69
199|39
199|89
199|94
199|37
199|97
199|57
204|47
204|34
204|19
204|69
204|17
204|33
204|7
204|28
204|37
204|57
204|74
204|64
204|13
204|94
204|23
209|47
209|34
209|19
209|69
209|32
209|17
209|99
209|59
209|89
209|37
209|52
209|29
209|44
209|8
209|62
209|39
209|24
209|23
209|97
209|92
209|48
209|33
209|43
209|54
209|7
209|28
209|79
209|82
209|14
209|57
209|74
209|67
209|13
209|94
214|67
214|32
214|33
214|18
214|12
214|64
214|8
214|62
214|28
214|89
214|97
219|47
219|34
219|19
219|32
219|17
219|99
219|59
219|89
219|84
219|37
219|52
219|38
219|42
219|9
219|29
219|72
219|18
219|44
219|12
219|87
219|62
219|39
219|24
219|23
219|92
219|97
219|49
219|48
219|33
219|54
219|7
219|28
219|79
219|77
219|82
219|14
219|57
219|74
219|67
219|64
219|94
219|13
219|27
224|47
224|19
224|32
224|69
224|99
224|59
224|37
224|52
224|38
224|9
224|22
224|29
224|72
224|18
224|87
224|8
224|12
224|44
224|62
224|39
224|23
224|24
224|97
224|92
224|49
224|48
224|43
224|54
224|79
224|77
224|82
224|14
224|57
224|74
224|64
224|94
224|13
224|27
229|19
229|69
229|32
229|17
229|99
229|89
229|37
229|84
229|38
229|42
229|29
229|18
229|87
229|8
229|23
229|24
229|92
229|97
229|49
229|33
229|43
229|79
229|28
229|77
229|82
229|67
229|64
229|94
234|34
234|19
234|17
234|99
234|59
234|89
234|84
234|37
234|38
234|42
234|29
234|12
234|87
234|44
234|62
234|39
234|92
234|49
234|48
234|33
234|7
234|28
234|79
234|14
234|74
234|67
234|64
234|13
234|94
234|27
239|34
239|47
239|19
239|17
239|99
239|89
239|84
239|37
239|52
239|38
239|29
239|22
239|72
239|18
239|87
239|44
239|39
239|23
239|97
239|48
239|33
239|43
239|54
239|7
239|28
239|77
239|82
239|14
239|74
239|67
239|94
239|13
239|27
244|47
244|48
244|32
244|17
244|33
244|99
244|54
244|7
244|89
244|37
244|77
244|82
244|52
244|57
244|74
244|64
244|44
244|62
244|24
244|27
244|97
244|92
244|49
249|19
249|32
249|69
249|17
249|59
249|89
249|37
249|84
249|38
249|42
249|29
249|72
249|12
249|62
249|39
249|97
249|49
249|48
249|33
249|43
249|54
249|79
249|28
249|82
249|57
249|74
249|67
249|64
249|94
249|27
254|47
254|48
254|69
254|32
254|33
254|17
254|54
254|7
254|79
254|77
254|14
254|38
254|57
254|42
254|67
254|9
254|72
254|62
254|24
254|27
254|97
259|69
259|32
259|17
259|7
259|28
259|79
259|77
259|14
259|42
259|72
259|87
259|97
259|49
264|47
264|32
264|48
264|69
264|33
264|43
264|54
264|37
264|84
264|52
264|57
264|42
264|29
264|72
264|8
264|87
264|44
264|62
264|39
264|13
269|34
269|99
269|54
269|28
269|82
269|38
269|74
269|29
269|22
269|62
269|24
269|23
269|49
274|47
274|34
274|69
274|32
274|17
274|84
274|52
274|9
274|72
274|8
274|44
274|12
274|87
274|62
274|39
274|24
274|97
274|92
274|48
274|33
274|43
274|54
274|28
274|7
274|79
274|82
274|57
274|74
274|67
274|64
274|94
274|13
274|27
279|47
279|34
279|32
279|69
279|99
279|89
279|37
279|84
279|38
279|42
279|22
279|72
279|18
279|87
279|8
279|12
279|44
279|23
279|24
279|92
279|97
279|49
279|48
279|33
279|43
279|54
279|77
279|14
279|67
279|64
279|13
279|94
279|27
284|34
284|47
284|19
284|32
284|17
284|99
284|59
284|89
284|37
284|84
284|52
284|38
284|42
284|9
284|22
284|29
284|72
284|44
284|12
284|8
284|87
284|62
284|39
284|24
284|23
284|92
284|97
284|48
284|43
284|54
284|7
284|79
284|28
284|77
284|82
284|14
284|57
284|74
284|67
284|64
284|13
284|94
284|27
289|48
289|32
289|54
289|28
289|59
289|89
289|77
289|37
289|84
289|82
289|14
289|38
289|74
289|72
289|12
289|64
289|8
289|24
294|19
294|22
294|72
294|64
294|54
294|59
294|13
294|84
294|38
299|34
299|19
299|69
299|32
299|99
299|89
299|37
299|42
299|9
299|18
299|8
299|44
299|62
299|39
299|24
299|97
299|92
299|49
299|79
299|28
299|77
299|14
299|57
299|74
299|67
299|64
299|13
299|27
304|34
304|19
304|69
304|17
304|99
304|59
304|89
304|84
304|52
304|42
304|9
304|29
304|87
304|44
304|8
304|39
304|23
304|97
304|92
304|49
304|48
304|33
304|43
304|79
304|28
304|77
304|57
304|74
304|67
304|64
304|94
309|47
309|34
309|19
309|32
309|69
309|99
309|89
309|84
309|37
309|52
309|38
309|42
309|9
309|29
309|22
309|72
309|44
309|87
309|8
309|12
309|62
309|39
309|23
309|24
309|92
309|97
309|49
309|48
309|33
309|43
309|54
309|28
309|7
309|79
309|77
309|82
309|14
309|74
309|67
309|64
309|13
309|94
309|27
314|69
314|17
314|43
314|79
314|14
314|42
314|22
314|87
314|64
314|62
314|39
314|23
314|49
319|34
319|47
319|19
319|69
319|17
319|99
319|59
319|89
319|84
319|42
319|9
319|22
319|18
319|12
319|39
319|23
319|24
319|48
319|43
319|28
319|7
319|79
319|82
319|14
319|74
319|67
319|64
319|94
319|27
324|47
324|34
324|19
324|69
324|32
324|17
324|99
324|59
324|89
324|84
324|37
324|52
324|38
324|42
324|9
324|29
324|22
324|72
324|18
324|44
324|8
324|87
324|12
324|62
324|39
324|23
324|24
324|97
324|92
324|49
324|48
324|33
324|43
324|54
324|28
324|7
324|79
324|77
324|82
324|14
324|57
324|74
324|67
324|64
324|13
324|94
329|34
329|19
329|32
329|17
329|99
329|89
329|52
329|42
329|9
329|22
329|29
329|72
329|12
329|44
329|62
329|39
329|23
329|92
329|97
329|49
329|33
329|43
329|54
329|28
329|57
329|74
329|67
329|64
329|94
329|13
329|27
334|47
334|34
334|19
334|32
334|17
334|99
334|59
334|89
334|84
334|37
334|52
334|38
334|42
334|9
334|22
334|29
334|72
334|18
334|87
334|8
334|12
334|44
334|39
334|24
334|23
334|92
334|97
334|49
334|48
334|33
334|43
334|54
334|28
334|77
334|14
334|57
334|67
334|64
334|13
334|94
334|27
339|47
339|19
339|32
339|99
339|89
339|84
339|37
339|52
339|9
339|22
339|29
339|18
339|8
339|44
339|87
339|12
339|62
339|23
339|24
339|92
339|97
339|48
339|33
339|43
339|54
339|79
339|77
339|14
339|74
339|64
339|94
339|27
344|34
344|32
344|69
344|17
344|99
344|59
344|52
344|42
344|9
344|22
344|62
344|39
344|24
344|49
344|33
344|28
344|79
344|7
344|77
344|14
344|57
344|74
344|64
344|94
344|27
349|72
349|39
349|37
354|47
354|34
354|69
354|43
354|7
354|89
354|84
354|37
354|77
354|52
354|9
354|22
354|29
354|18
354|12
354|8
354|64
354|24
354|27
354|92
354|97
359|19
359|32
359|69
359|48
359|33
359|54
359|59
359|7
359|28
359|89
359|77
359|37
359|52
359|57
359|67
359|9
359|29
359|72
359|64
359|87
359|39
359|13
359|92
364|47
364|32
364|69
364|99
364|59
364|79
364|28
364|7
364|89
364|37
364|77
364|82
364|14
364|57
364|74
364|9
364|64
364|8
364|39
364|94
364|24
364|97
369|47
369|34
369|19
369|69
369|17
369|99
369|59
369|89
369|84
369|37
369|52
369|38
369|42
369|22
369|29
369|72
369|18
369|87
369|44
369|8
369|12
369|62
369|39
369|24
369|23
369|92
369|97
369|49
369|48
369|33
369|28
369|7
369|79
369|77
369|82
369|14
369|57
369|74
369|67
369|64
369|94
369|27
374|34
374|9
374|19
374|44
374|64
374|94
374|84
374|77
374|57
374|74
379|47
379|34
379|19
379|69
379|32
379|99
379|59
379|89
379|38
379|29
379|72
379|18
379|44
379|12
379|87
379|62
379|39
379|23
379|97
379|49
379|48
379|33
379|43
379|54
379|28
379|7
379|79
379|77
379|82
379|57
379|74
379|64
379|13
379|94
379|27
384|34
384|47
384|19
384|32
384|69
384|17
384|59
384|89
384|37
384|84
384|52
384|38
384|42
384|9
384|22
384|29
384|72
384|18
384|8
384|44
384|12
384|87
384|62
384|39
384|23
384|24
384|97
384|92
384|33
384|43
384|79
384|28
384|77
384|82
384|14
384|57
384|74
384|67
384|64
384|13
384|27
389|34
389|69
389|32
389|17
389|99
389|59
389|37
389|84
389|52
389|38
389|42
389|9
389|29
389|22
389|72
389|18
389|87
389|12
389|44
389|23
389|24
389|97
389|92
389|49
389|48
389|33
389|54
389|79
389|28
389|77
389|82
389|14
389|57
389|74
389|67
389|64
389|13
389|94
389|27
394|9
394|29
394|28
394|39
394|13
394|84
394|14
394|42
399|64
399|79
399|59
404|34
404|67
404|17
404|33
404|8
404|23
404|84
404|74
409|47
409|34
409|19
409|69
409|17
409|99
409|59
409|89
409|37
409|84
409|52
409|38
409|22
409|29
409|72
409|87
409|12
409|44
409|8
409|62
409|24
409|97
409|48
409|33
409|43
409|54
409|7
409|79
409|77
409|82
409|14
409|57
409|64
409|94
409|13
409|27
414|34
414|32
414|33
414|54
414|28
414|89
414|37
414|52
414|57
414|67
414|9
414|22
414|72
414|64
414|8
414|12
414|39
414|13
414|23
414|27
414|92
414|49
419|34
419|48
419|77
419|37
419|82
419|38
419|42
419|22
419|12
419|87
419|44
419|13
419|94
419|92
419|97
424|34
424|47
424|19
424|32
424|99
424|59
424|84
424|52
424|38
424|42
424|9
424|29
424|72
424|8
424|62
424|39
424|24
424|23
424|97
424|92
424|49
424|43
424|28
424|79
424|7
424|77
424|14
424|57
424|74
424|64
424|94
429|34
429|69
429|28
429|84
429|37
429|57
429|9
429|29
429|22
429|87
429|44
429|8
429|12
429|94
429|92
434|47
434|34
434|48
434|69
434|17
434|43
434|54
434|59
434|7
434|79
434|77
434|37
434|82
434|14
434|57
434|74
434|72
434|18
434|44
434|62
434|94
434|27
434|97
439|69
439|32
439|17
439|84
439|37
439|9
439|22
439|72
439|8
439|12
439|62
439|39
439|24
439|97
439|48
439|33
439|43
439|54
439|7
439|82
439|14
439|67
439|94
439|27
444|34
444|47
444|69
444|32
444|17
444|99
444|59
444|89
444|84
444|37
444|52
444|38
444|42
444|9
444|22
444|29
444|72
444|18
444|8
444|12
444|87
444|44
444|62
444|39
444|23
444|24
444|92
444|97
444|49
444|48
444|33
444|54
444|7
444|79
444|28
444|82
444|14
444|57
444|74
444|67
444|64
444|13
444|94
449|34
449|19
449|32
449|69
449|17
449|99
449|59
449|89
449|37
449|84
449|52
449|38
449|42
449|9
449|29
449|22
449|72
449|18
449|87
449|12
449|8
449|44
449|62
449|39
449|24
449|23
449|97
449|92
449|49
449|48
449|33
449|54
449|79
449|28
449|77
449|82
449|14
449|57
449|74
449|67
449|64
449|94
449|13
449|27
454|47
454|32
454|33
454|59
454|79
454|89
454|38
454|42
454|67
454|22
454|8
454|44
454|62
454|24
454|27
454|49
459|34
459|19
459|69
459|99
459|59
459|84
459|37
459|42
459|9
459|22
459|72
459|18
459|87
459|8
459|44
459|12
459|62
459|39
459|23
459|97
459|43
459|54
459|7
459|77
459|57
459|67
459|64
459|94
459|13
459|27
464|19
464|9
464|72
464|8
464|89
464|23
464|24
464|52
464|38
469|34
469|47
469|32
469|69
469|17
469|99
469|59
469|89
469|84
469|37
469|52
469|38
469|42
469|9
469|29
469|72
469|18
469|12
469|87
469|8
469|44
469|62
469|39
469|24
469|97
469|92
469|49
469|43
469|54
469|7
469|79
469|28
469|82
469|14
469|74
469|67
469|64
469|13
469|94
469|27
474|34
474|19
474|69
474|32
474|17
474|59
474|89
474|84
474|37
474|52
474|38
474|22
474|8
474|12
474|87
474|44
474|62
474|39
474|23
474|49
474|48
474|33
474|43
474|79
474|28
474|14
474|57
474|74
474|67
474|13
474|27
479|19
479|32
479|99
479|7
479|28
479|59
479|37
479|82
479|52
479|74
479|9
479|22
479|72
479|18
479|44
479|87
479|62
479|13
479|24
479|27
479|92
479|49
484|34
484|32
484|33
484|59
484|7
484|28
484|37
484|14
484|52
484|57
484|42
484|74
484|18
484|64
484|62
484|39
484|13
484|24
484|97
484|92
484|49
489|32
489|33
489|99
489|37
489|77
489|84
489|38
489|42
489|74
489|87
489|27
489|92
494|47
494|34
494|19
494|32
494|17
494|99
494|59
494|89
494|37
494|84
494|52
494|38
494|42
494|22
494|29
494|72
494|18
494|8
494|12
494|44
494|87
494|62
494|39
494|24
494|23
494|92
494|97
494|49
494|48
494|33
494|54
494|79
494|7
494|28
494|77
494|82
494|14
494|57
494|74
494|67
494|64
494|13
494|94
494|27
499|47
499|19
499|32
499|69
499|17
499|59
499|89
499|84
499|37
499|52
499|38
499|22
499|29
499|72
499|18
499|8
499|12
499|44
499|87
499|62
499|39
499|24
499|23
499|92
499|97
499|49
499|48
499|33
499|43
499|54
499|79
499|28
499|7
499|77
499|82
499|57
499|74
499|67
499|64
499|13
499|94
6|41
6|31
6|51
6|61
6|96
6|46
6|11
11|71
11|36
16|41
16|31
16|91
16|26
16|46
16|36
16|6
16|66
21|66
21|16
26|41
26|26
26|81
26|36
31|51
36|31
36|81
36|46
36|86
36|66
36|16
36|71
36|51
36|91
36|56
36|96
36|6
41|31
41|46
41|81
41|86
41|16
41|66
41|76
41|41
41|21
41|51
41|61
41|71
41|91
41|26
41|96
41|36
41|11
41|6
46|26
46|46
46|86
46|16
46|66
46|76
56|26
61|51
61|61
61|71
61|81
61|46
61|36
61|6
61|16
61|76
66|81
66|46
66|66
66|16
66|76
66|21
66|51
66|61
66|91
66|56
66|96
66|26
66|36
66|11
71|31
71|81
71|46
71|86
71|76
71|66
71|16
71|41
71|21
71|51
71|61
71|56
71|26
71|96
71|36
71|11
71|6
76|31
76|26
81|41
81|51
81|26
81|46
81|6
81|76
91|71
91|51
91|81
91|76
96|81
96|46
96|36
96|6
101|31
101|46
101|16
101|66
101|76
101|41
101|71
101|61
101|91
101|56
101|96
101|36
101|6
106|31
106|81
111|81
111|86
111|76
111|16
111|66
111|41
111|21
111|51
111|91
111|96
111|26
111|36
111|11
111|6
116|56
116|96
116|76
121|41
121|31
121|51
121|71
121|91
121|81
121|86
126|31
126|81
126|46
126|86
126|16
126|66
126|76
126|41
126|61
126|71
126|51
126|91
126|56
126|26
126|96
126|36
126|11
126|6
136|31
136|46
136|16
136|76
136|41
136|51
136|91
136|56
136|96
136|26
136|36
136|11
141|91
141|26
141|81
141|46
141|36
141|11
141|66
146|81
146|76
146|16
146|66
146|41
146|71
146|51
146|61
146|91
146|56
146|26
146|96
146|36
146|6
151|41
151|31
151|51
151|71
151|61
151|26
151|81
151|46
151|36
151|16
156|31
156|81
156|46
156|86
156|16
156|66
156|41
156|56
156|96
156|26
156|36
156|6
161|41
161|61
161|71
161|96
161|46
161|81
161|11
161|66
161|76
161|16
166|31
166|21
166|71
166|51
166|56
166|96
166|81
166|46
166|86
166|6
166|16
171|41
171|31
171|71
171|51
171|91
171|36
171|66
176|11
176|66
176|76
181|31
181|91
181|36
181|11
181|16
186|21
186|36
186|16
191|96
191|46
191|76
191|16
196|91
196|26
196|46
196|81
196|86
196|16
196|76
201|81
201|46
201|86
201|66
201|41
201|21
201|71
201|91
201|56
201|26
201|96
201|36
201|11
201|6
206|31
206|46
206|81
206|86
206|66
206|41
206|21
206|51
206|91
206|56
206|26
206|36
206|6
211|31
211|51
211|91
211|81
211|86
211|11
211|6
216|66
221|41
221|36
226|31
226|46
226|81
226|86
226|16
226|66
226|41
226|21
226|61
226|51
226|71
226|91
226|26
226|96
226|36
226|11
226|6
231|41
231|21
231|51
231|61
231|56
231|96
231|26
231|46
231|86
231|11
231|16
236|31
236|46
236|86
236|16
236|76
236|21
236|71
236|51
236|61
236|91
236|56
236|26
236|96
241|31
241|46
241|81
241|86
241|76
241|16
241|41
241|51
241|71
241|91
241|56
241|26
241|96
241|6
246|41
246|96
246|86
251|46
251|81
251|86
251|66
251|16
251|21
251|71
251|61
251|56
251|26
251|36
251|11
256|31
256|46
256|81
256|86
256|76
256|16
256|66
256|41
256|71
256|61
256|51
256|91
256|56
256|96
256|26
256|36
256|11
256|6
261|91
261|46
261|86
261|11
261|6
261|76
261|66
266|31
266|46
266|81
266|86
266|16
266|66
266|41
266|61
266|56
266|96
266|26
266|6
271|31
271|46
271|86
271|76
271|66
271|21
271|51
271|71
271|91
271|56
271|26
271|36
271|11
271|6
276|21
276|31
276|61
276|91
276|56
276|96
276|86
276|11
276|6
281|31
281|21
281|51
281|91
281|56
281|96
281|81
281|11
281|6
281|16
281|76
291|31
291|81
291|46
291|86
291|66
291|16
291|76
291|41
291|21
291|71
291|61
291|51
291|91
291|56
291|96
291|36
291|11
291|6
296|41
296|71
296|26
296|86
296|11
301|31
301|46
301|81
301|86
301|16
301|76
301|66
301|21
301|61
301|51
301|71
301|91
301|26
301|96
301|36
301|11
301|6
306|81
306|46
306|16
306|66
306|41
306|21
306|51
306|71
306|91
306|96
306|36
306|11
311|31
311|81
311|46
311|86
311|16
311|66
311|41
311|21
311|51
311|61
311|71
311|91
311|56
311|96
311|26
311|36
311|6
316|31
316|86
316|76
316|16
316|66
316|21
316|51
316|71
316|91
316|56
316|26
316|96
316|36
316|11
321|31
321|81
321|86
321|16
321|76
321|41
321|21
321|61
321|56
321|26
321|36
321|6
326|31
326|81
326|76
326|16
326|66
326|41
326|51
326|61
326|71
326|91
326|56
326|96
326|36
326|6
331|41
336|31
336|81
336|46
336|86
336|76
336|66
336|16
336|41
336|21
336|61
336|91
336|56
336|96
336|26
336|36
336|11
336|6
341|31
341|96
341|46
341|11
341|76
341|16
351|31
356|51
356|91
356|56
356|6
361|31
361|81
361|11
361|16
366|31
366|46
366|81
366|86
366|16
366|76
366|66
366|41
366|21
366|71
366|51
366|61
366|91
366|26
366|36
366|11
366|6
371|26
371|16
376|41
376|96
376|26
376|16
381|51
381|91
381|56
381|96
381|26
381|81
381|6
381|66
381|76
386|61
391|31
391|56
391|96
391|11
391|66
396|31
396|86
396|76
396|41
396|21
396|71
396|51
396|61
396|91
396|26
396|96
396|36
396|11
401|31
401|46
401|81
401|86
401|16
401|76
401|66
401|41
401|61
401|51
401|56
401|96
401|26
401|6
406|61
406|56
406|81
406|76
406|66
411|31
411|81
411|46
411|86
411|16
411|76
411|41
411|21
411|61
411|51
411|71
411|91
411|56
411|26
411|96
411|36
411|11
411|6
416|31
416|46
416|86
416|76
416|16
416|41
416|71
416|61
416|91
416|96
416|26
416|6
421|21
421|51
421|91
421|96
421|26
421|76
426|51
426|96
426|36
426|11
426|66
431|61
431|91
431|96
431|81
431|86
436|21
436|61
436|91
436|26
436|86
436|16
441|31
441|71
441|51
441|46
441|36
441|11
441|16
441|66
446|21
446|91
451|31
451|46
451|81
451|16
451|66
451|76
451|71
451|91
451|26
451|96
451|36
451|6
456|31
456|46
456|81
456|86
456|76
456|66
456|16
456|41
456|21
456|51
456|71
456|61
456|91
456|56
456|96
456|36
456|11
461|41
461|71
461|51
461|91
461|56
461|96
461|26
461|81
461|86
461|11
466|31
466|81
466|46
466|86
466|66
466|16
466|41
466|61
466|71
466|91
466|56
466|36
466|6
471|41
471|31
471|61
471|71
471|91
471|26
471|16
481|31
481|81
481|86
481|76
481|16
481|41
481|71
481|61
481|56
481|26
481|36
481|6
486|61
486|91
486|81
486|36
486|11
486|6
486|66
491|31
491|46
491|81
491|86
491|66
491|76
491|21
491|51
491|71
491|61
491|91
491|56
491|96
491|26
491|6
496|31
496|46
496|81
496|86
496|76
496|66
496|41
496|51
496|61
496|71
496|91
496|56
496|96
496|36
496|11
8|53
8|63
8|58
8|93
8|78
8|88
8|98
13|63
13|53
13|58
13|78
13|98
13|83
13|68
18|63
18|73
18|58
18|93
18|88
18|98
18|68
23|53
23|63
23|73
23|93
23|88
23|78
23|68
28|93
28|68
33|78
33|88
38|63
38|53
38|73
38|78
38|98
38|88
38|83
43|63
43|73
43|58
43|93
43|98
43|68
43|83
58|58
58|68
63|98
63|88
63|68
68|53
68|73
68|58
68|98
73|58
73|78
78|63
78|88
83|73
83|93
83|78
83|83
88|93
88|98
88|78
88|88
103|63
103|53
103|73
103|58
103|93
103|88
103|98
103|68
103|83
108|93
108|88
108|78
108|83
113|53
113|63
113|73
113|58
113|93
113|98
113|88
113|83
113|68
118|53
118|73
118|98
118|88
118|83
128|63
128|58
128|93
128|98
128|78
128|83
128|68
133|53
133|58
133|93
133|98
133|88
133|78
133|83
138|53
138|73
138|78
138|98
138|88
138|83
143|53
143|98
143|83
148|58
148|98
148|88
163|53
163|58
163|78
163|88
163|98
168|83
173|73
173|58
173|98
173|78
173|83
178|68
178|83
183|63
183|78
183|98
188|63
188|68
193|73
193|58
193|93
193|98
193|88
193|68
198|53
198|63
198|73
198|58
198|93
198|98
198|78
198|88
198|68
203|63
203|73
203|98
203|68
208|53
208|68
213|53
213|63
213|73
213|58
213|98
213|78
213|83
218|63
218|73
218|58
218|93
218|88
218|78
218|98
218|83
223|73
223|58
223|93
223|78
223|98
223|88
223|68
223|83
228|63
228|53
228|73
228|93
228|88
228|98
228|68
233|83
238|98
238|88
238|68
243|63
243|53
243|73
243|58
243|93
243|78
243|88
243|83
243|68
253|53
253|63
253|73
253|58
253|78
253|88
253|68
253|83
258|93
258|98
263|53
263|73
263|58
263|93
263|98
263|78
263|83
263|68
268|63
268|53
268|73
268|58
268|93
268|88
268|78
268|83
273|53
273|73
273|58
273|93
273|98
273|88
273|68
278|53
278|73
278|93
278|68
278|83
283|63
283|73
288|83
293|63
293|93
298|53
298|73
298|58
298|93
298|78
298|68
298|83
303|63
303|53
303|73
303|58
303|93
303|78
303|88
303|83
303|68
308|53
308|63
308|58
308|78
308|68
318|73
318|88
318|83
323|53
323|63
323|58
323|93
323|98
323|88
323|83
323|68
328|53
328|88
333|93
333|88
338|63
338|58
338|93
338|78
338|88
338|98
338|83
343|63
343|53
343|58
343|93
343|78
343|88
343|83
343|68
348|53
348|63
348|73
348|58
348|93
348|78
348|98
348|88
348|68
353|63
353|73
353|58
353|78
353|88
353|83
353|68
358|63
358|53
358|58
358|78
358|68
363|63
363|53
363|73
363|93
363|78
363|98
363|88
363|68
363|83
368|53
368|73
368|58
368|93
368|78
368|98
368|88
368|68
368|83
373|78
373|98
373|83
378|53
378|58
378|93
378|78
378|68
388|63
388|73
393|63
393|93
393|88
393|83
393|68
398|73
398|78
398|83
403|53
403|73
403|58
403|88
403|78
403|98
403|83
403|68
408|63
408|73
408|58
408|93
408|78
408|88
408|98
408|68
408|83
413|53
413|63
413|58
413|93
413|88
413|68
418|83
423|73
423|98
423|83
428|78
433|53
433|58
433|93
433|88
433|78
433|98
433|83
433|68
438|63
438|53
438|93
438|68
443|73
443|58
443|93
443|88
448|53
448|73
448|93
448|98
448|83
448|68
453|63
453|53
453|73
453|58
453|93
453|98
453|78
453|83
458|58
458|93
458|88
463|73
463|58
463|78
468|68
473|53
473|73
473|58
473|93
473|78
473|88
473|98
473|83
473|68
478|53
478|63
478|73
478|58
478|88
478|98
478|78
478|83
478|68
483|63
488|63
488|73
488|58
488|93
488|98
488|88
493|63
493|53
493|58
493|93
493|88
493|98
493|78
493|68
498|53
498|73
498|58
498|98
5|65
5|90
5|85
10|100
10|15
10|85
10|60
10|35
10|10
15|40
15|65
15|25
15|75
15|85
15|50
15|60
15|35
15|10
20|100
20|90
20|25
20|80
20|95
20|50
20|45
20|20
25|40
25|65
25|80
25|70
30|100
30|65
30|75
30|90
30|85
30|50
30|45
30|10
30|30
30|20
30|25
30|80
30|70
35|100
35|65
35|90
35|80
35|95
35|60
35|30
40|40
40|90
40|80
40|45
40|60
40|50
40|35
40|30
40|55
40|20
40|70
55|95
55|45
60|90
60|15
60|80
60|85
60|95
60|60
60|35
60|70
65|40
65|65
65|100
65|75
65|90
65|95
65|85
65|50
65|45
65|55
65|25
65|70
70|40
70|100
70|75
70|85
70|95
70|45
70|50
70|35
70|55
70|30
70|20
70|25
70|80
75|40
75|100
75|75
75|90
75|25
75|95
75|45
75|30
80|55
85|15
85|85
85|30
85|55
85|20
90|40
90|15
90|95
90|50
100|85
100|60
100|35
100|30
100|55
100|70
105|40
105|100
105|65
105|75
105|90
105|85
105|50
105|45
105|35
105|55
105|30
105|20
105|25
105|80
105|60
105|70
110|65
110|100
110|90
110|85
110|50
110|35
110|55
110|20
110|25
110|15
110|60
110|70
115|85
120|95
125|40
125|100
125|65
125|75
125|85
125|95
125|50
125|35
125|10
125|30
125|55
125|20
125|15
125|80
125|60
130|25
130|15
130|80
130|85
130|55
130|30
130|70
135|40
135|65
135|25
135|30
135|20
135|70
140|90
140|50
145|65
145|45
145|35
145|10
150|65
150|80
150|95
150|60
150|10
150|30
150|70
150|20
155|40
155|65
155|100
155|75
155|90
155|95
155|85
155|45
155|50
155|35
155|55
155|30
155|20
155|25
155|15
155|80
155|60
155|70
160|40
160|65
160|90
160|95
160|60
160|50
160|35
160|55
160|10
160|20
160|70
165|40
165|100
165|65
165|75
165|90
165|95
165|45
165|35
165|10
165|20
165|25
165|15
165|80
165|60
170|85
170|60
170|50
170|30
175|65
175|90
175|80
175|50
175|60
175|30
180|65
180|75
180|90
180|15
180|80
180|95
180|85
180|10
180|30
180|70
180|20
185|100
185|85
185|60
185|35
185|55
185|20
190|40
190|65
190|100
190|75
190|90
190|85
190|50
190|35
190|55
190|10
190|20
190|15
190|80
190|70
195|40
195|75
195|15
195|80
195|50
195|60
200|40
200|65
200|25
200|80
200|85
200|50
200|35
200|30
200|55
200|10
205|40
205|50
205|45
205|30
205|20
215|100
215|25
215|75
215|95
215|50
215|45
215|60
215|35
215|10
215|55
215|20
220|90
220|80
220|85
220|95
220|60
220|35
220|30
220|10
225|65
225|75
225|95
225|85
225|45
225|50
225|30
225|10
225|55
225|20
225|25
225|15
225|80
225|60
225|70
230|65
230|95
230|85
230|45
230|30
235|40
235|75
235|15
235|80
235|50
235|35
235|10
240|40
240|90
240|15
240|95
240|45
240|55
245|40
245|80
245|85
245|35
245|20
250|25
255|90
255|15
255|80
255|50
255|35
255|10
260|40
260|65
260|95
260|85
260|50
260|35
260|10
260|55
260|30
260|20
260|25
260|15
260|80
260|70
265|40
265|65
265|100
265|90
265|75
265|95
265|85
265|50
265|45
265|35
265|30
265|55
265|25
265|15
265|80
265|60
265|70
270|40
270|100
270|90
270|95
270|85
270|50
270|45
270|35
270|10
270|55
270|30
270|20
270|25
270|15
270|80
270|60
270|70
275|40
275|65
275|100
275|75
275|90
275|45
275|50
275|35
275|10
275|55
275|30
275|20
275|25
275|15
275|80
275|60
275|70
280|40
280|100
280|65
280|90
280|95
280|45
280|50
280|35
280|10
280|55
280|30
280|20
280|25
280|15
280|80
285|65
285|15
285|80
285|95
285|50
285|55
290|100
290|65
290|75
290|15
290|45
290|60
290|50
290|10
295|40
295|65
295|100
295|75
295|90
295|95
295|45
295|50
295|35
295|30
295|55
295|10
295|20
295|25
295|15
295|80
295|60
295|70
300|40
300|65
300|100
300|75
300|95
300|50
300|45
300|35
300|10
300|30
300|55
300|20
300|25
300|80
300|60
300|70
305|65
305|75
305|25
305|95
305|50
305|20
310|40
310|65
310|100
310|90
310|75
310|85
310|50
310|45
310|35
310|10
310|30
310|55
310|25
310|15
310|80
310|60
310|70
315|100
315|25
315|80
315|10
315|30
320|40
320|75
320|90
320|95
320|85
320|50
320|35
320|30
320|10
320|55
320|15
320|80
320|60
325|65
325|25
325|45
325|10
325|30
330|95
330|85
330|50
330|45
330|35
330|20
335|100
335|75
335|50
335|30
340|65
340|75
340|90
340|15
340|80
340|85
340|60
340|50
350|100
350|65
350|15
355|40
355|65
355|90
355|25
355|15
355|95
355|50
355|45
355|35
355|55
355|20
360|100
370|80
370|60
370|70
375|65
375|25
375|15
375|45
375|30
375|20
380|100
380|45
380|30
385|40
385|75
385|15
385|85
385|60
385|30
385|10
390|40
390|75
390|90
390|95
390|45
390|50
390|30
390|10
390|20
390|25
390|15
390|80
390|60
395|65
395|25
395|90
395|15
395|85
395|30
395|20
400|40
400|100
400|85
400|35
405|40
405|90
405|25
405|15
405|80
405|95
405|45
405|10
405|55
405|70
405|20
410|100
410|65
410|90
410|95
410|50
410|35
410|55
410|30
410|70
415|65
415|15
415|80
415|85
415|95
415|50
415|45
415|60
415|55
415|20
420|65
420|25
420|75
420|15
420|95
420|50
420|45
420|30
420|10
420|55
420|70
425|40
425|65
425|100
425|75
425|90
425|85
425|45
425|50
425|35
425|10
425|30
425|20
425|25
425|15
425|80
425|60
425|70
430|100
430|75
430|95
435|40
435|65
435|100
435|90
435|75
435|95
435|45
435|50
435|30
435|10
435|20
435|25
435|15
435|70
440|40
440|65
440|60
440|30
440|20
445|40
445|100
445|65
445|75
445|90
445|95
445|85
445|50
445|45
445|10
445|30
445|55
445|20
445|25
445|15
445|80
445|60
450|65
450|100
450|95
450|60
450|45
450|50
450|30
450|70
455|65
455|90
455|95
455|85
455|50
455|35
455|10
455|55
455|20
455|15
455|80
455|60
455|70
460|65
460|100
460|25
460|80
460|50
460|35
465|40
465|65
465|95
465|60
465|50
465|35
475|40
475|65
475|100
475|75
475|90
475|85
475|95
475|45
475|35
475|55
475|10
475|30
475|20
475|25
475|15
475|80
475|60
475|70
480|65
480|80
480|10
485|75
485|90
485|85
485|20
490|40
490|65
490|90
490|75
490|85
490|95
490|50
490|35
490|55
490|10
490|30
490|20
490|25
490|80
490|60
495|40
495|100
495|25
495|45
495|50
495|60
495|35
495|30
495|55
495|20
500|15
500|35
