uuid|amount|source|accountuuid|networkuuid|purchasetime
6bd472e5-988a-4e37-a201-549c2f725389|10|20272|C3CFA249-F2A3-8253-1F44-B1C594C6A8D2|B936DA83-8A45-E9F0-2EAE-D75F5C232E78|Fri Dec 26 23:01:19 EAT 2014
20630d0c-b1ae-424f-b9e2-0767157ae19b|1000|Sale|650195B6-9357-C147-C24E-7FBDAEEC74ED|B936DA83-8A45-E9F0-2EAE-D75F5C232E78|Tue Sep 23 09:22:41 EAT 2014
e29f26ac-fb30-4276-b437-07e6f92e54ef|30|Notice|C6D5BA33-C95E-BCC3-D951-2A099E5F9230|B936DA83-8A45-E9F0-2EAE-D75F5C232E78|Fri Nov 07 08:27:52 EAT 2014
e1bdd3a4-a375-46a8-8160-5666ead349fd|40|Info|8038D870-5455-A2D6-18A9-BD5FA1D0A10A|B936DA83-8A45-E9F0-2EAE-D75F5C232E78|Thu Aug 07 20:51:24 EAT 2014
604ad0a1-11cf-4fa2-a399-4675d37c4fd6|50|20240|C937CE62-C4A9-131F-C96E-2DB8A9E886AB|B936DA83-8A45-E9F0-2EAE-D75F5C232E78|Sat Dec 27 04:56:56 EAT 2014
fac6ea68-a94f-4272-9296-c6dbfb3f0e11|60|Sale|C3CFA249-F2A3-8253-1F44-B1C594C6A8D2|B936DA83-8A45-E9F0-2EAE-D75F5C232E78|Thu Sep 25 15:02:12 EAT 2014
f65d532e-89cd-4259-85d9-9fc9c0728427|70|20272|C3CFA249-F2A3-8253-1F44-B1C594C6A8D2|B936DA83-8A45-E9F0-2EAE-D75F5C232E78|Mon Sep 15 17:30:41 EAT 2014
d677709f-24a9-4069-af27-11e39255ef66|80|Sale|C6D5BA33-C95E-BCC3-D951-2A099E5F9230|B936DA83-8A45-E9F0-2EAE-D75F5C232E78|Mon Sep 29 00:11:41 EAT 2014
8ebcecf6-b48e-4c61-a209-489de888b3a6|90|Notice|8038D870-5455-A2D6-18A9-BD5FA1D0A10A|B936DA83-8A45-E9F0-2EAE-D75F5C232E78|Sun Sep 14 18:41:49 EAT 2014
48b3811e-a52b-451b-9c83-833263027d71|100|Info|C937CE62-C4A9-131F-C96E-2DB8A9E886AB|B936DA83-8A45-E9F0-2EAE-D75F5C232E78|Sat Sep 27 00:30:22 EAT 2014
b6676645-42ee-44ac-b1c1-bf1d1121001c|2900|20240|650195B6-9357-C147-C24E-7FBDAEEC74ED|B936DA83-8A45-E9F0-2EAE-D75F5C232E78|Wed Sep 17 16:47:18 EAT 2014
0a5e8f70-8dae-46ae-b91c-e59007233e32|3200|Sale|650195B6-9357-C147-C24E-7FBDAEEC74ED|B936DA83-8A45-E9F0-2EAE-D75F5C232E78|Sun Oct 12 04:21:25 EAT 2014
940f2477-c7aa-4ebd-9611-bef4a0f6a8ec|130|20272|C3CFA249-F2A3-8253-1F44-B1C594C6A8D2|B936DA83-8A45-E9F0-2EAE-D75F5C232E78|Sat Nov 08 22:33:15 EAT 2014
77fcbf9f-f506-40a2-bbd4-7298cd8e119b|140|Sale|8038D870-5455-A2D6-18A9-BD5FA1D0A10A|B936DA83-8A45-E9F0-2EAE-D75F5C232E78|Sat Sep 27 10:34:48 EAT 2014
8a46c2e0-86eb-4dc0-a8f0-4043aee048d9|150|Notice|C937CE62-C4A9-131F-C96E-2DB8A9E886AB|B936DA83-8A45-E9F0-2EAE-D75F5C232E78|Sun Nov 23 08:20:32 EAT 2014
efa9e9f3-686d-4dcd-8f76-b4c898fe8929|160|Info|C3CFA249-F2A3-8253-1F44-B1C594C6A8D2|B936DA83-8A45-E9F0-2EAE-D75F5C232E78|Thu Oct 09 10:40:27 EAT 2014
3332310a-632a-4435-9c23-742bd0e01ae4|4000|20240|650195B6-9357-C147-C24E-7FBDAEEC74ED|B936DA83-8A45-E9F0-2EAE-D75F5C232E78|Thu Oct 23 03:49:32 EAT 2014
ba35a1b9-17ed-45d4-bcb6-e5df9956eb39|180|Sale|C6D5BA33-C95E-BCC3-D951-2A099E5F9230|B936DA83-8A45-E9F0-2EAE-D75F5C232E78|Sun Sep 28 08:19:09 EAT 2014
e1d4cf89-7cc6-4937-b69a-be02249a2ef4|190|20272|C3CFA249-F2A3-8253-1F44-B1C594C6A8D2|B936DA83-8A45-E9F0-2EAE-D75F5C232E78|Sat Nov 22 12:57:57 EAT 2014
848c9cc1-c451-43f3-bccb-e576a1e7cac2|200|Sale|C937CE62-C4A9-131F-C96E-2DB8A9E886AB|B936DA83-8A45-E9F0-2EAE-D75F5C232E78|Fri Nov 21 01:19:14 EAT 2014
a976eef1-7f87-4f54-aed2-2d20fb65d45b|210|Notice|C3CFA249-F2A3-8253-1F44-B1C594C6A8D2|B936DA83-8A45-E9F0-2EAE-D75F5C232E78|Sat Aug 30 14:54:27 EAT 2014
4682dcf9-2972-40a3-8283-9db978d618a2|2000|Info|650195B6-9357-C147-C24E-7FBDAEEC74ED|B936DA83-8A45-E9F0-2EAE-D75F5C232E78|Sun Nov 02 23:51:02 EAT 2014
db05d4cc-2746-43cc-ab68-7c1edbf6ee69|2030|20240|650195B6-9357-C147-C24E-7FBDAEEC74ED|B936DA83-8A45-E9F0-2EAE-D75F5C232E78|Thu Dec 18 16:17:16 EAT 2014
ce835e1a-3fed-4b0a-ae97-26dc538e7349|240|Sale|8038D870-5455-A2D6-18A9-BD5FA1D0A10A|B936DA83-8A45-E9F0-2EAE-D75F5C232E78|Fri Oct 03 13:38:10 EAT 2014
f386c732-d58d-4083-9adc-6fa606b787c8|250|20272|C3CFA249-F2A3-8253-1F44-B1C594C6A8D2|B936DA83-8A45-E9F0-2EAE-D75F5C232E78|Thu Dec 25 00:42:36 EAT 2014
fb09d93d-0db8-495a-9e82-14b2155a9997|260|Sale|C3CFA249-F2A3-8253-1F44-B1C594C6A8D2|B936DA83-8A45-E9F0-2EAE-D75F5C232E78|Thu Aug 14 01:07:03 EAT 2014
a3d6f3a6-ad36-4733-9887-9cae5830566e|9000|Notice|650195B6-9357-C147-C24E-7FBDAEEC74ED|B936DA83-8A45-E9F0-2EAE-D75F5C232E78|Thu Sep 04 19:24:50 EAT 2014
0170f5ae-33fa-40c3-a6dd-32f74453c0ad|280|Info|C6D5BA33-C95E-BCC3-D951-2A099E5F9230|B936DA83-8A45-E9F0-2EAE-D75F5C232E78|Mon Dec 22 03:02:23 EAT 2014
5b621162-1ef5-4be7-9374-44e3aa0f2ddc|6800|20240|650195B6-9357-C147-C24E-7FBDAEEC74ED|B936DA83-8A45-E9F0-2EAE-D75F5C232E78|Mon Aug 04 22:13:12 EAT 2014
da51fcfa-3025-4c9f-a141-7e6996c317b7|300|Sale|C937CE62-C4A9-131F-C96E-2DB8A9E886AB|B936DA83-8A45-E9F0-2EAE-D75F5C232E78|Sat Sep 27 16:59:31 EAT 2014
0b592ee7-553e-4bb4-b1ee-90eefd105622|310|20272|C3CFA249-F2A3-8253-1F44-B1C594C6A8D2|B936DA83-8A45-E9F0-2EAE-D75F5C232E78|Sat Aug 02 04:49:40 EAT 2014
e35089ec-56d3-4a04-854c-de2606133bef|9090|Sale|650195B6-9357-C147-C24E-7FBDAEEC74ED|B936DA83-8A45-E9F0-2EAE-D75F5C232E78|Sat Sep 06 06:07:38 EAT 2014
dbe97bcb-2855-473a-bea7-5d46bba7c73f|330|Notice|C6D5BA33-C95E-BCC3-D951-2A099E5F9230|B936DA83-8A45-E9F0-2EAE-D75F5C232E78|Sat Aug 02 13:25:45 EAT 2014
2a42d673-c831-4966-9783-1c26aba2f962|340|Info|8038D870-5455-A2D6-18A9-BD5FA1D0A10A|B936DA83-8A45-E9F0-2EAE-D75F5C232E78|Thu Nov 20 16:31:34 EAT 2014
0ca98c51-f1b2-4ac0-aa09-973534be35a2|3050|20240|650195B6-9357-C147-C24E-7FBDAEEC74ED|B936DA83-8A45-E9F0-2EAE-D75F5C232E78|Wed Oct 15 11:35:15 EAT 2014
a67406db-b861-40f3-ac3e-ea86c6cb0901|360|Sale|C3CFA249-F2A3-8253-1F44-B1C594C6A8D2|B936DA83-8A45-E9F0-2EAE-D75F5C232E78|Tue Sep 02 12:25:08 EAT 2014
655a7c5d-5729-4491-b9d2-2b42793e9b19|370|20272|C3CFA249-F2A3-8253-1F44-B1C594C6A8D2|B936DA83-8A45-E9F0-2EAE-D75F5C232E78|Tue Nov 04 06:56:02 EAT 2014
a23f4392-5450-45ac-9beb-702354faf395|380|Sale|C6D5BA33-C95E-BCC3-D951-2A099E5F9230|B936DA83-8A45-E9F0-2EAE-D75F5C232E78|Tue Aug 26 17:50:34 EAT 2014
8cf47fc5-5bfe-4d5a-94f5-c456607859b8|390|Notice|8038D870-5455-A2D6-18A9-BD5FA1D0A10A|B936DA83-8A45-E9F0-2EAE-D75F5C232E78|Fri Nov 28 10:06:36 EAT 2014
41faa7e0-df57-4432-bba0-447b1220085e|400|Info|C937CE62-C4A9-131F-C96E-2DB8A9E886AB|B936DA83-8A45-E9F0-2EAE-D75F5C232E78|Wed Aug 13 00:53:38 EAT 2014
9eb7c6be-44b9-4cb3-a4fd-3b4329fe3d27|4100|20240|650195B6-9357-C147-C24E-7FBDAEEC74ED|B936DA83-8A45-E9F0-2EAE-D75F5C232E78|Mon Nov 10 14:48:15 EAT 2014
84f6ed66-9342-4cb4-868d-8845c383b0ef|4000|Sale|650195B6-9357-C147-C24E-7FBDAEEC74ED|B936DA83-8A45-E9F0-2EAE-D75F5C232E78|Wed Aug 27 08:26:42 EAT 2014
6b408cc6-cd03-4a99-aaab-6daf2360a77e|430|20272|C3CFA249-F2A3-8253-1F44-B1C594C6A8D2|B936DA83-8A45-E9F0-2EAE-D75F5C232E78|Tue Nov 25 15:10:27 EAT 2014
6b8a1678-f995-4391-bfb4-fe69247e0e29|440|Sale|8038D870-5455-A2D6-18A9-BD5FA1D0A10A|B936DA83-8A45-E9F0-2EAE-D75F5C232E78|Sun Sep 21 06:53:54 EAT 2014
5d7da318-800e-4d21-8b08-47c5a2132e61|450|Notice|C937CE62-C4A9-131F-C96E-2DB8A9E886AB|B936DA83-8A45-E9F0-2EAE-D75F5C232E78|Sun Aug 17 15:19:48 EAT 2014
ed7407bf-896a-4fc9-af71-ebabe538be59|460|Info|C3CFA249-F2A3-8253-1F44-B1C594C6A8D2|B936DA83-8A45-E9F0-2EAE-D75F5C232E78|Thu Dec 11 23:52:48 EAT 2014
82dac70e-8e58-486c-9639-03e4905ff145|4700|20240|650195B6-9357-C147-C24E-7FBDAEEC74ED|B936DA83-8A45-E9F0-2EAE-D75F5C232E78|Wed Dec 03 00:03:31 EAT 2014
2a3d55be-4735-40f0-a734-b7525cbede02|480|Sale|C6D5BA33-C95E-BCC3-D951-2A099E5F9230|B936DA83-8A45-E9F0-2EAE-D75F5C232E78|Fri Nov 21 12:31:48 EAT 2014
66e8b706-1283-40e6-8801-d7b79ee8b64c|490|20272|C3CFA249-F2A3-8253-1F44-B1C594C6A8D2|B936DA83-8A45-E9F0-2EAE-D75F5C232E78|Fri Dec 19 20:23:11 EAT 2014
d242df51-0ca2-4720-b7ce-05a41911c819|500|Sale|C937CE62-C4A9-131F-C96E-2DB8A9E886AB|B936DA83-8A45-E9F0-2EAE-D75F5C232E78|Thu Nov 20 06:44:10 EAT 2014
a67410a2-248b-4a7b-957e-a7af229ddacc|510|Notice|C3CFA249-F2A3-8253-1F44-B1C594C6A8D2|B936DA83-8A45-E9F0-2EAE-D75F5C232E78|Tue Aug 12 01:56:36 EAT 2014
d02274c9-63f5-48f9-bcd6-9d28416a690b|5200|Info|650195B6-9357-C147-C24E-7FBDAEEC74ED|B936DA83-8A45-E9F0-2EAE-D75F5C232E78|Sun Aug 31 20:50:08 EAT 2014
1a1d9062-ef68-4929-8df7-627d6b0856a3|9030|20240|650195B6-9357-C147-C24E-7FBDAEEC74ED|B936DA83-8A45-E9F0-2EAE-D75F5C232E78|Sat Nov 22 11:04:03 EAT 2014
13dcf0ed-d2f9-4182-8da3-bb81b3364678|540|Sale|8038D870-5455-A2D6-18A9-BD5FA1D0A10A|B936DA83-8A45-E9F0-2EAE-D75F5C232E78|Wed Nov 19 01:54:04 EAT 2014
e153e35e-b2b5-469c-a9de-1bf5d5e6bf66|550|20272|C3CFA249-F2A3-8253-1F44-B1C594C6A8D2|B936DA83-8A45-E9F0-2EAE-D75F5C232E78|Thu Sep 11 21:32:56 EAT 2014
63613c56-9155-4c4a-bcd5-a62bf629b6b1|560|Sale|C3CFA249-F2A3-8253-1F44-B1C594C6A8D2|B936DA83-8A45-E9F0-2EAE-D75F5C232E78|Fri Aug 08 14:22:38 EAT 2014
4a4bc9cb-3234-424b-a6d7-77c657b7b62b|5700|Notice|650195B6-9357-C147-C24E-7FBDAEEC74ED|B936DA83-8A45-E9F0-2EAE-D75F5C232E78|Sun Aug 31 17:29:02 EAT 2014
b60c17e8-c9a8-4666-ba74-cc1128e72298|580|Info|C6D5BA33-C95E-BCC3-D951-2A099E5F9230|B936DA83-8A45-E9F0-2EAE-D75F5C232E78|Sat Dec 27 23:51:14 EAT 2014
41dc934a-1ceb-4d48-a63b-d65f95e63399|20590|20240|650195B6-9357-C147-C24E-7FBDAEEC74ED|B936DA83-8A45-E9F0-2EAE-D75F5C232E78|Tue Sep 23 01:59:32 EAT 2014
c4bc98f2-1f85-4720-9b3c-72416f28a604|600|Sale|C937CE62-C4A9-131F-C96E-2DB8A9E886AB|B936DA83-8A45-E9F0-2EAE-D75F5C232E78|Tue Dec 23 03:29:14 EAT 2014
5af4b586-6f26-47a6-ae64-16d08e35116e|610|20272|C3CFA249-F2A3-8253-1F44-B1C594C6A8D2|B936DA83-8A45-E9F0-2EAE-D75F5C232E78|Sat Nov 29 06:52:33 EAT 2014
de31ac8d-b74f-4063-aaae-3559f776130d|6020|Sale|650195B6-9357-C147-C24E-7FBDAEEC74ED|B936DA83-8A45-E9F0-2EAE-D75F5C232E78|Tue Sep 16 06:11:28 EAT 2014
8e1e22a2-2b8a-4ac6-b82b-14cca6502b2f|630|Notice|C6D5BA33-C95E-BCC3-D951-2A099E5F9230|B936DA83-8A45-E9F0-2EAE-D75F5C232E78|Sat Dec 27 15:55:12 EAT 2014
a5b6575e-1044-4625-83fa-25dccec01061|640|Info|8038D870-5455-A2D6-18A9-BD5FA1D0A10A|B936DA83-8A45-E9F0-2EAE-D75F5C232E78|Wed Oct 29 08:45:44 EAT 2014
30ae6812-7b49-4380-82da-73cda9273b66|6500|20240|650195B6-9357-C147-C24E-7FBDAEEC74ED|B936DA83-8A45-E9F0-2EAE-D75F5C232E78|Sat Aug 16 18:00:58 EAT 2014
a354438c-64b5-4d20-a794-0cdba2b581ad|660|Sale|C3CFA249-F2A3-8253-1F44-B1C594C6A8D2|B936DA83-8A45-E9F0-2EAE-D75F5C232E78|Thu Dec 25 14:22:42 EAT 2014
44427915-50dc-427f-8443-c5fbf01fbeed|670|20272|C3CFA249-F2A3-8253-1F44-B1C594C6A8D2|B936DA83-8A45-E9F0-2EAE-D75F5C232E78|Mon Sep 22 18:08:01 EAT 2014
48ef8e53-95b1-444e-bfba-899849093ef3|680|Sale|C6D5BA33-C95E-BCC3-D951-2A099E5F9230|B936DA83-8A45-E9F0-2EAE-D75F5C232E78|Thu Sep 04 14:44:48 EAT 2014
14f3ae67-8211-47de-93f8-13f0b587b6bf|690|Notice|8038D870-5455-A2D6-18A9-BD5FA1D0A10A|B936DA83-8A45-E9F0-2EAE-D75F5C232E78|Tue Dec 16 15:58:23 EAT 2014
41ba7d77-a6c7-4597-a921-ad4b8cac330d|700|Info|C937CE62-C4A9-131F-C96E-2DB8A9E886AB|B936DA83-8A45-E9F0-2EAE-D75F5C232E78|Thu Dec 25 22:30:46 EAT 2014
0b077f71-1aec-46ce-a597-186696f0b428|7100|20240|650195B6-9357-C147-C24E-7FBDAEEC74ED|B936DA83-8A45-E9F0-2EAE-D75F5C232E78|Wed Oct 08 23:30:56 EAT 2014
59084f6a-faa6-4b2b-848d-8fae831602c3|7200|Sale|650195B6-9357-C147-C24E-7FBDAEEC74ED|B936DA83-8A45-E9F0-2EAE-D75F5C232E78|Fri Sep 19 12:07:59 EAT 2014
11738f76-571d-4bac-a11f-dd9ac6c76592|730|20272|C3CFA249-F2A3-8253-1F44-B1C594C6A8D2|B936DA83-8A45-E9F0-2EAE-D75F5C232E78|Tue Nov 25 17:05:04 EAT 2014
453aa261-6502-4b3f-8e6d-51068034f97e|740|Sale|8038D870-5455-A2D6-18A9-BD5FA1D0A10A|B936DA83-8A45-E9F0-2EAE-D75F5C232E78|Sun Dec 21 09:06:03 EAT 2014
894fd852-36e9-4cd3-a996-be1e3a79c43c|750|Notice|C937CE62-C4A9-131F-C96E-2DB8A9E886AB|B936DA83-8A45-E9F0-2EAE-D75F5C232E78|Fri Aug 29 19:43:46 EAT 2014
45011a68-2695-4eed-9933-3ae538932bf2|760|Info|C3CFA249-F2A3-8253-1F44-B1C594C6A8D2|B936DA83-8A45-E9F0-2EAE-D75F5C232E78|Tue Dec 16 15:02:59 EAT 2014
8a41b5ba-014a-4c34-9394-625e322f2c70|7700|20240|650195B6-9357-C147-C24E-7FBDAEEC74ED|B936DA83-8A45-E9F0-2EAE-D75F5C232E78|Wed Aug 13 07:03:29 EAT 2014
254ff453-28c0-4643-a97b-6dc65ad65074|780|Sale|C6D5BA33-C95E-BCC3-D951-2A099E5F9230|B936DA83-8A45-E9F0-2EAE-D75F5C232E78|Mon Dec 15 01:39:29 EAT 2014
e1ef0623-889b-4a02-96f2-783e08ea25d8|790|20272|C3CFA249-F2A3-8253-1F44-B1C594C6A8D2|B936DA83-8A45-E9F0-2EAE-D75F5C232E78|Sun Dec 28 07:18:15 EAT 2014
e36524ef-9615-4220-8673-7ce29c0654ce|800|Sale|C937CE62-C4A9-131F-C96E-2DB8A9E886AB|B936DA83-8A45-E9F0-2EAE-D75F5C232E78|Mon Oct 06 19:45:35 EAT 2014
e0487623-6417-4281-a625-25d62b129548|810|Notice|C3CFA249-F2A3-8253-1F44-B1C594C6A8D2|B936DA83-8A45-E9F0-2EAE-D75F5C232E78|Wed Aug 27 19:59:25 EAT 2014
9709006f-4f88-456c-a1d4-85b1b9ffbf14|82000|Info|650195B6-9357-C147-C24E-7FBDAEEC74ED|B936DA83-8A45-E9F0-2EAE-D75F5C232E78|Thu Sep 25 21:13:03 EAT 2014
5f72558a-2ecf-4cf1-8642-86d64757811c|8300|20240|650195B6-9357-C147-C24E-7FBDAEEC74ED|B936DA83-8A45-E9F0-2EAE-D75F5C232E78|Sun Nov 09 06:27:11 EAT 2014
6d6dd03f-a50d-4020-9900-633583a476a3|840|Sale|8038D870-5455-A2D6-18A9-BD5FA1D0A10A|B936DA83-8A45-E9F0-2EAE-D75F5C232E78|Sun Oct 26 09:11:49 EAT 2014
48235b49-e5a7-4fc9-aa05-78bbfa18e270|850|20272|C3CFA249-F2A3-8253-1F44-B1C594C6A8D2|B936DA83-8A45-E9F0-2EAE-D75F5C232E78|Sun Aug 03 12:37:10 EAT 2014
8e4ea507-08a9-4f6c-b6ca-4b8840bb0d2c|860|Sale|C3CFA249-F2A3-8253-1F44-B1C594C6A8D2|B936DA83-8A45-E9F0-2EAE-D75F5C232E78|Sat Oct 18 18:13:40 EAT 2014
27e203bd-6561-4047-a3fe-83d1deb424fc|9000|Notice|650195B6-9357-C147-C24E-7FBDAEEC74ED|B936DA83-8A45-E9F0-2EAE-D75F5C232E78|Fri Sep 19 00:38:53 EAT 2014
32c81568-29b7-4a32-b32d-39bf8da3c49c|880|Info|C6D5BA33-C95E-BCC3-D951-2A099E5F9230|B936DA83-8A45-E9F0-2EAE-D75F5C232E78|Fri Nov 28 12:20:29 EAT 2014
18b21adc-b083-4825-a45d-b0df37e6fe73|890|20240|8038D870-5455-A2D6-18A9-BD5FA1D0A10A|B936DA83-8A45-E9F0-2EAE-D75F5C232E78|Tue Oct 07 06:56:22 EAT 2014
927c398c-709c-4c7c-be66-6a75c2f9a026|900|Sale|C937CE62-C4A9-131F-C96E-2DB8A9E886AB|B936DA83-8A45-E9F0-2EAE-D75F5C232E78|Wed Aug 13 18:26:23 EAT 2014
295c5baa-6161-4b5c-a2bd-c70aed97df96|910|20272|C3CFA249-F2A3-8253-1F44-B1C594C6A8D2|B936DA83-8A45-E9F0-2EAE-D75F5C232E78|Sat Aug 09 05:01:13 EAT 2014
5e324ed0-b3fa-4505-b528-a9a72fbcb9e1|9200|Sale|650195B6-9357-C147-C24E-7FBDAEEC74ED|B936DA83-8A45-E9F0-2EAE-D75F5C232E78|Mon Sep 08 21:45:51 EAT 2014
781879bf-31ca-43ae-9974-c391eb8c89ce|930|Notice|C6D5BA33-C95E-BCC3-D951-2A099E5F9230|B936DA83-8A45-E9F0-2EAE-D75F5C232E78|Wed Dec 17 07:40:34 EAT 2014
176c05aa-8856-41d9-b42d-f8ddb050da7f|940|Info|8038D870-5455-A2D6-18A9-BD5FA1D0A10A|B936DA83-8A45-E9F0-2EAE-D75F5C232E78|Wed Dec 31 05:47:43 EAT 2014
44d017ca-1e3f-49cd-b674-3985df89c693|9500|20240|650195B6-9357-C147-C24E-7FBDAEEC74ED|B936DA83-8A45-E9F0-2EAE-D75F5C232E78|Tue Dec 23 01:39:54 EAT 2014
0c1491b5-e9ac-430a-8e32-e0f6c21a184d|960|Sale|C3CFA249-F2A3-8253-1F44-B1C594C6A8D2|B936DA83-8A45-E9F0-2EAE-D75F5C232E78|Wed Dec 10 20:07:28 EAT 2014
fbc8de20-52ed-48e0-896c-d2aab5950a95|970|20272|C3CFA249-F2A3-8253-1F44-B1C594C6A8D2|B936DA83-8A45-E9F0-2EAE-D75F5C232E78|Wed Dec 24 12:51:25 EAT 2014
7f4c5205-018b-44f9-bfc7-97b12baffff7|980|Sale|C6D5BA33-C95E-BCC3-D951-2A099E5F9230|B936DA83-8A45-E9F0-2EAE-D75F5C232E78|Thu Nov 13 21:24:05 EAT 2014
f394a74f-7cf4-482b-9f64-af04a4eb55e8|990|Notice|8038D870-5455-A2D6-18A9-BD5FA1D0A10A|B936DA83-8A45-E9F0-2EAE-D75F5C232E78|Thu Nov 20 04:32:01 EAT 2014
854c5c2e-387a-4083-abfb-866e9a0a6a26|1000|Info|C937CE62-C4A9-131F-C96E-2DB8A9E886AB|B936DA83-8A45-E9F0-2EAE-D75F5C232E78|Tue Nov 25 12:18:14 EAT 2014
e4e4b032-90a7-496c-94c8-a76822b20818|10010|20240|650195B6-9357-C147-C24E-7FBDAEEC74ED|B936DA83-8A45-E9F0-2EAE-D75F5C232E78|Thu Aug 14 09:32:41 EAT 2014
3b01f291-0693-4d1e-aec3-ea9c89d10b0d|1020|Sale|650195B6-9357-C147-C24E-7FBDAEEC74ED|B936DA83-8A45-E9F0-2EAE-D75F5C232E78|Thu Nov 13 20:52:17 EAT 2014
9ff5ba05-8ba0-4fb9-b46e-0aea494898c8|1030|20272|C3CFA249-F2A3-8253-1F44-B1C594C6A8D2|B936DA83-8A45-E9F0-2EAE-D75F5C232E78|Thu Nov 13 00:19:35 EAT 2014
62eecfb7-7830-4143-bb1a-b72e909a032e|1040|Sale|8038D870-5455-A2D6-18A9-BD5FA1D0A10A|B936DA83-8A45-E9F0-2EAE-D75F5C232E78|Tue Sep 16 01:36:04 EAT 2014
586aa779-61ff-4a40-96c7-c622292e37e7|1050|Notice|C937CE62-C4A9-131F-C96E-2DB8A9E886AB|B936DA83-8A45-E9F0-2EAE-D75F5C232E78|Fri Nov 07 13:31:08 EAT 2014
332436ee-2fe3-4110-8f49-531e2f9babf1|1060|Info|C3CFA249-F2A3-8253-1F44-B1C594C6A8D2|B936DA83-8A45-E9F0-2EAE-D75F5C232E78|Sun Dec 14 21:02:19 EAT 2014
e1a42bb3-5f91-4f29-847d-960e8ff33583|10070|20240|650195B6-9357-C147-C24E-7FBDAEEC74ED|B936DA83-8A45-E9F0-2EAE-D75F5C232E78|Tue Sep 16 04:17:03 EAT 2014
0b896c11-e65b-442a-a598-69c0aec3ee03|1080|Sale|C6D5BA33-C95E-BCC3-D951-2A099E5F9230|B936DA83-8A45-E9F0-2EAE-D75F5C232E78|Fri Dec 05 02:09:24 EAT 2014
53df4292-facf-4930-8623-31ab62761345|1090|20272|C3CFA249-F2A3-8253-1F44-B1C594C6A8D2|B936DA83-8A45-E9F0-2EAE-D75F5C232E78|Fri Sep 19 05:24:13 EAT 2014
5e2cfd14-648a-4af4-9e1f-c93c01856981|1100|Sale|C937CE62-C4A9-131F-C96E-2DB8A9E886AB|B936DA83-8A45-E9F0-2EAE-D75F5C232E78|Fri Aug 29 14:46:23 EAT 2014
329030dc-6508-4286-8ab8-2022a28bc5df|1110|Notice|C3CFA249-F2A3-8253-1F44-B1C594C6A8D2|B936DA83-8A45-E9F0-2EAE-D75F5C232E78|Sat Oct 04 06:55:35 EAT 2014
24feee2d-dbbf-4487-8086-e364e0c4a4af|1120|Info|650195B6-9357-C147-C24E-7FBDAEEC74ED|B936DA83-8A45-E9F0-2EAE-D75F5C232E78|Sun Nov 30 13:57:15 EAT 2014
5e67a255-de93-481c-a091-4639621e9d00|1130|20240|650195B6-9357-C147-C24E-7FBDAEEC74ED|B936DA83-8A45-E9F0-2EAE-D75F5C232E78|Sun Dec 14 23:03:38 EAT 2014
9e9e84ae-9a12-4249-9101-74f459847b38|1140|Sale|8038D870-5455-A2D6-18A9-BD5FA1D0A10A|B936DA83-8A45-E9F0-2EAE-D75F5C232E78|Mon Sep 01 06:48:33 EAT 2014
af6a9f3b-d30d-440f-9259-8476eb57837d|1150|20272|C3CFA249-F2A3-8253-1F44-B1C594C6A8D2|B936DA83-8A45-E9F0-2EAE-D75F5C232E78|Sun Aug 31 07:36:54 EAT 2014
ef841163-bc8e-4d5b-a15c-1180795abc58|1160|Sale|C3CFA249-F2A3-8253-1F44-B1C594C6A8D2|B936DA83-8A45-E9F0-2EAE-D75F5C232E78|Sat Sep 20 09:37:58 EAT 2014
ba18f4f9-1838-4050-a21e-9efecaf17491|9170|Notice|650195B6-9357-C147-C24E-7FBDAEEC74ED|B936DA83-8A45-E9F0-2EAE-D75F5C232E78|Sat Aug 09 05:36:01 EAT 2014
1c92a6f8-b5cb-4241-9888-6f572b062746|1180|Info|C6D5BA33-C95E-BCC3-D951-2A099E5F9230|B936DA83-8A45-E9F0-2EAE-D75F5C232E78|Wed Oct 29 14:50:03 EAT 2014
2faddf9e-728c-4207-ad8d-d3b4348ca096|16190|20240|650195B6-9357-C147-C24E-7FBDAEEC74ED|B936DA83-8A45-E9F0-2EAE-D75F5C232E78|Sun Sep 07 03:07:30 EAT 2014
e4f8e040-5e81-4568-bb39-26b60d782786|1200|Sale|C937CE62-C4A9-131F-C96E-2DB8A9E886AB|B936DA83-8A45-E9F0-2EAE-D75F5C232E78|Wed Sep 17 19:22:08 EAT 2014
1ac06006-fa46-4232-af53-70fc15f9f95d|1210|20272|C3CFA249-F2A3-8253-1F44-B1C594C6A8D2|B936DA83-8A45-E9F0-2EAE-D75F5C232E78|Fri Aug 29 11:05:17 EAT 2014
6c6ab5ff-6bc3-407b-8c5b-f8f62a455d33|6020|Sale|650195B6-9357-C147-C24E-7FBDAEEC74ED|B936DA83-8A45-E9F0-2EAE-D75F5C232E78|Tue Sep 16 22:18:53 EAT 2014
47e1bcca-481b-4819-98a8-e564d8145b2b|1230|Notice|C6D5BA33-C95E-BCC3-D951-2A099E5F9230|B936DA83-8A45-E9F0-2EAE-D75F5C232E78|Sun Nov 23 11:33:32 EAT 2014
1eee2d80-5724-492e-ab7e-5a0437b0dd67|1240|Info|8038D870-5455-A2D6-18A9-BD5FA1D0A10A|B936DA83-8A45-E9F0-2EAE-D75F5C232E78|Sat Dec 13 23:19:10 EAT 2014
f018521f-d749-4b42-94bc-88f64edc07a6|26250|20240|650195B6-9357-C147-C24E-7FBDAEEC74ED|B936DA83-8A45-E9F0-2EAE-D75F5C232E78|Tue Sep 09 23:15:16 EAT 2014
404395f0-fcf7-4ca8-ae80-2379f52d6b82|1260|Sale|C3CFA249-F2A3-8253-1F44-B1C594C6A8D2|B936DA83-8A45-E9F0-2EAE-D75F5C232E78|Sun Aug 03 14:19:21 EAT 2014
120eeb79-eb99-4146-91f0-e27f438a51ac|1270|20272|C3CFA249-F2A3-8253-1F44-B1C594C6A8D2|B936DA83-8A45-E9F0-2EAE-D75F5C232E78|Thu Aug 07 04:13:17 EAT 2014
f16aa737-38a4-4984-b44b-d8f956cf2a71|1280|Sale|C6D5BA33-C95E-BCC3-D951-2A099E5F9230|B936DA83-8A45-E9F0-2EAE-D75F5C232E78|Wed Dec 24 06:02:23 EAT 2014
fbffca04-2f75-4201-8356-c6a6708f9f4a|1290|Notice|8038D870-5455-A2D6-18A9-BD5FA1D0A10A|B936DA83-8A45-E9F0-2EAE-D75F5C232E78|Fri Sep 26 11:24:19 EAT 2014
a9222a1c-dfe6-4d50-9e15-4943b80fdda0|1300|Info|C937CE62-C4A9-131F-C96E-2DB8A9E886AB|B936DA83-8A45-E9F0-2EAE-D75F5C232E78|Fri Nov 14 02:38:56 EAT 2014
b5542c33-0b83-4624-961b-8abe83d40fa1|1310|20240|650195B6-9357-C147-C24E-7FBDAEEC74ED|B936DA83-8A45-E9F0-2EAE-D75F5C232E78|Fri Oct 10 02:21:17 EAT 2014
8b4df97c-e42a-4c13-a6b4-c50842082d88|9320|Sale|650195B6-9357-C147-C24E-7FBDAEEC74ED|B936DA83-8A45-E9F0-2EAE-D75F5C232E78|Wed Dec 03 10:31:06 EAT 2014
cca7c4c2-fc2c-4c90-92ea-f9764c9cc196|1330|20272|C3CFA249-F2A3-8253-1F44-B1C594C6A8D2|B936DA83-8A45-E9F0-2EAE-D75F5C232E78|Mon Nov 24 00:32:48 EAT 2014
0e0321ee-1cfa-4ad4-8a44-44044ea55cb7|1340|Sale|8038D870-5455-A2D6-18A9-BD5FA1D0A10A|B936DA83-8A45-E9F0-2EAE-D75F5C232E78|Sun Dec 14 00:15:04 EAT 2014
510f215c-0bd1-449a-9e75-f67ac2cbeb79|1350|Notice|C937CE62-C4A9-131F-C96E-2DB8A9E886AB|B936DA83-8A45-E9F0-2EAE-D75F5C232E78|Tue Aug 05 00:50:04 EAT 2014
1c100508-ebfb-4cee-a593-b4169448a47f|1360|Info|C3CFA249-F2A3-8253-1F44-B1C594C6A8D2|B936DA83-8A45-E9F0-2EAE-D75F5C232E78|Wed Aug 27 20:57:35 EAT 2014
07ab6c85-818a-4703-ae28-4186f859fa93|9370|20240|650195B6-9357-C147-C24E-7FBDAEEC74ED|B936DA83-8A45-E9F0-2EAE-D75F5C232E78|Fri Dec 19 14:11:04 EAT 2014
19959a65-3c37-4158-822d-ebec281489a2|1380|Sale|C6D5BA33-C95E-BCC3-D951-2A099E5F9230|B936DA83-8A45-E9F0-2EAE-D75F5C232E78|Sat Aug 23 10:08:02 EAT 2014
8ae8dc17-685a-4087-9ece-7810a01e1197|1390|20272|C3CFA249-F2A3-8253-1F44-B1C594C6A8D2|B936DA83-8A45-E9F0-2EAE-D75F5C232E78|Fri Nov 07 13:04:18 EAT 2014
d3c4b4f3-9b0c-4ee8-9448-bc37ede5fd8f|1400|Sale|C937CE62-C4A9-131F-C96E-2DB8A9E886AB|B936DA83-8A45-E9F0-2EAE-D75F5C232E78|Sun Dec 28 02:21:55 EAT 2014
e2388189-77ef-4f9c-97a1-3fd5bbc20793|1410|Notice|C3CFA249-F2A3-8253-1F44-B1C594C6A8D2|B936DA83-8A45-E9F0-2EAE-D75F5C232E78|Fri Oct 17 08:35:35 EAT 2014
6162b20c-d26e-4a87-9cc6-4a753baa3028|1420|Info|650195B6-9357-C147-C24E-7FBDAEEC74ED|B936DA83-8A45-E9F0-2EAE-D75F5C232E78|Thu Oct 02 14:15:10 EAT 2014
468c05af-242a-4827-b3d9-19988006b831|11430|20240|650195B6-9357-C147-C24E-7FBDAEEC74ED|B936DA83-8A45-E9F0-2EAE-D75F5C232E78|Fri Aug 29 18:25:07 EAT 2014
14a68ead-08c1-4622-b787-219a4aad42a8|1440|Sale|8038D870-5455-A2D6-18A9-BD5FA1D0A10A|B936DA83-8A45-E9F0-2EAE-D75F5C232E78|Sat Aug 30 06:06:02 EAT 2014
63211b27-e1d7-4318-a919-5b75ab4c8381|1450|20272|C3CFA249-F2A3-8253-1F44-B1C594C6A8D2|B936DA83-8A45-E9F0-2EAE-D75F5C232E78|Sat Dec 13 12:06:58 EAT 2014
ce7a74cb-6299-4cfb-a4c9-995002229236|1460|Sale|C3CFA249-F2A3-8253-1F44-B1C594C6A8D2|B936DA83-8A45-E9F0-2EAE-D75F5C232E78|Fri Aug 22 01:44:52 EAT 2014
71c1734b-2bb0-421f-b107-e0ceb61d7444|17470|Notice|650195B6-9357-C147-C24E-7FBDAEEC74ED|B936DA83-8A45-E9F0-2EAE-D75F5C232E78|Fri Aug 22 08:04:55 EAT 2014
9c4d7a08-c65f-4fcd-9281-c5e406bff428|1480|Info|C6D5BA33-C95E-BCC3-D951-2A099E5F9230|B936DA83-8A45-E9F0-2EAE-D75F5C232E78|Wed Oct 01 15:19:36 EAT 2014
15c08054-6053-4870-a9c8-7c1d4faa482b|51490|20240|650195B6-9357-C147-C24E-7FBDAEEC74ED|B936DA83-8A45-E9F0-2EAE-D75F5C232E78|Mon Aug 11 07:36:26 EAT 2014
55f11a89-6eb7-42b9-8a66-7d0e91ddacea|1500|Sale|C937CE62-C4A9-131F-C96E-2DB8A9E886AB|B936DA83-8A45-E9F0-2EAE-D75F5C232E78|Thu Aug 14 00:15:21 EAT 2014
c261fd25-6971-4426-8f20-64bef67c7d82|1510|20272|C3CFA249-F2A3-8253-1F44-B1C594C6A8D2|B936DA83-8A45-E9F0-2EAE-D75F5C232E78|Sat Dec 13 01:03:12 EAT 2014
8c6436ee-a92b-4c65-9ab2-ea570453f02e|21520|Sale|650195B6-9357-C147-C24E-7FBDAEEC74ED|B936DA83-8A45-E9F0-2EAE-D75F5C232E78|Tue Nov 18 14:47:27 EAT 2014
af6af53b-d67c-4026-a579-e1c004266f7c|1530|Notice|C6D5BA33-C95E-BCC3-D951-2A099E5F9230|B936DA83-8A45-E9F0-2EAE-D75F5C232E78|Sun Nov 09 05:56:53 EAT 2014
3e6259b6-0924-4acc-be92-2fb9986c0a62|1540|Info|8038D870-5455-A2D6-18A9-BD5FA1D0A10A|B936DA83-8A45-E9F0-2EAE-D75F5C232E78|Sun Nov 30 16:01:08 EAT 2014
c019250a-17cc-439d-a260-3d725be867be|15550|20240|650195B6-9357-C147-C24E-7FBDAEEC74ED|B936DA83-8A45-E9F0-2EAE-D75F5C232E78|Tue Oct 07 17:59:23 EAT 2014
534285ae-d8ae-4c8c-88f7-caea2c3c6194|1560|Sale|C3CFA249-F2A3-8253-1F44-B1C594C6A8D2|B936DA83-8A45-E9F0-2EAE-D75F5C232E78|Mon Dec 29 09:14:18 EAT 2014
f4764b18-212b-49e8-a063-b68409e9003a|1570|20272|C3CFA249-F2A3-8253-1F44-B1C594C6A8D2|B936DA83-8A45-E9F0-2EAE-D75F5C232E78|Thu Nov 06 02:32:52 EAT 2014
9226ad95-41fc-4cc9-b20f-4be468be9684|1580|Sale|C6D5BA33-C95E-BCC3-D951-2A099E5F9230|B936DA83-8A45-E9F0-2EAE-D75F5C232E78|Mon Sep 01 04:41:42 EAT 2014
76e1ab82-c89f-4961-b830-c898520101eb|1590|Notice|8038D870-5455-A2D6-18A9-BD5FA1D0A10A|B936DA83-8A45-E9F0-2EAE-D75F5C232E78|Sun Oct 05 01:17:56 EAT 2014
dd562edb-33e2-4802-a82f-020b9d047b43|1600|Info|C937CE62-C4A9-131F-C96E-2DB8A9E886AB|B936DA83-8A45-E9F0-2EAE-D75F5C232E78|Sat Sep 20 04:43:26 EAT 2014
2f6a4519-6a4d-4e95-bef6-159f4c4611ba|1610|20240|650195B6-9357-C147-C24E-7FBDAEEC74ED|B936DA83-8A45-E9F0-2EAE-D75F5C232E78|Sun Oct 12 07:43:37 EAT 2014
60696552-ab80-4900-9ea3-eed727678874|16020|Sale|650195B6-9357-C147-C24E-7FBDAEEC74ED|B936DA83-8A45-E9F0-2EAE-D75F5C232E78|Sun Nov 09 16:55:59 EAT 2014
da97feff-234a-4a5d-8597-c4f38e95c8f9|1630|20272|C3CFA249-F2A3-8253-1F44-B1C594C6A8D2|B936DA83-8A45-E9F0-2EAE-D75F5C232E78|Sun Aug 24 15:10:50 EAT 2014
7ae00013-a174-4f17-9f75-95450fd5159b|1640|Sale|8038D870-5455-A2D6-18A9-BD5FA1D0A10A|B936DA83-8A45-E9F0-2EAE-D75F5C232E78|Fri Dec 12 04:02:22 EAT 2014
fb1cfe10-4f70-4750-8126-38b54fe948ff|1650|Notice|C937CE62-C4A9-131F-C96E-2DB8A9E886AB|B936DA83-8A45-E9F0-2EAE-D75F5C232E78|Fri Dec 26 07:59:32 EAT 2014
3a5643a9-d29a-446d-8a15-4f7caf77ca93|1660|Info|C3CFA249-F2A3-8253-1F44-B1C594C6A8D2|B936DA83-8A45-E9F0-2EAE-D75F5C232E78|Mon Dec 29 09:31:01 EAT 2014
11885503-1959-4189-9acb-e3e05940287e|1670|20240|650195B6-9357-C147-C24E-7FBDAEEC74ED|B936DA83-8A45-E9F0-2EAE-D75F5C232E78|Wed Sep 17 12:08:17 EAT 2014
d8dd9568-8711-48d9-9631-8a938407fdb2|1680|Sale|C6D5BA33-C95E-BCC3-D951-2A099E5F9230|B936DA83-8A45-E9F0-2EAE-D75F5C232E78|Thu Nov 27 08:05:29 EAT 2014
04b26cd4-8a60-4d3a-a48d-c5952baa3487|1690|20272|C3CFA249-F2A3-8253-1F44-B1C594C6A8D2|B936DA83-8A45-E9F0-2EAE-D75F5C232E78|Wed Sep 10 03:51:07 EAT 2014
5dbb3794-f211-4248-9a2d-e3b0e37a8cdf|1700|Sale|C937CE62-C4A9-131F-C96E-2DB8A9E886AB|B936DA83-8A45-E9F0-2EAE-D75F5C232E78|Mon Dec 15 18:51:38 EAT 2014
39086f1d-ed83-4075-9fc9-459774fdcdb0|1710|Notice|C3CFA249-F2A3-8253-1F44-B1C594C6A8D2|B936DA83-8A45-E9F0-2EAE-D75F5C232E78|Wed Oct 29 09:52:29 EAT 2014
b12457f5-eb22-44b6-a830-aded43411772|1790|Info|650195B6-9357-C147-C24E-7FBDAEEC74ED|B936DA83-8A45-E9F0-2EAE-D75F5C232E78|Wed Dec 24 12:22:01 EAT 2014
38f8305a-d319-43fe-8a9f-ce573e06e766|1730|20240|650195B6-9357-C147-C24E-7FBDAEEC74ED|B936DA83-8A45-E9F0-2EAE-D75F5C232E78|Thu Nov 06 16:15:28 EAT 2014
d0583371-9f7a-4c3e-b64b-abf54ae68a40|1740|Sale|8038D870-5455-A2D6-18A9-BD5FA1D0A10A|B936DA83-8A45-E9F0-2EAE-D75F5C232E78|Thu Aug 21 06:34:55 EAT 2014
ef49ae9a-8e7a-471d-ad84-0f6e18fa4b5a|1750|20272|C3CFA249-F2A3-8253-1F44-B1C594C6A8D2|B936DA83-8A45-E9F0-2EAE-D75F5C232E78|Thu Nov 06 03:02:22 EAT 2014
9c54e4f2-00e5-42d7-a9cb-dcb9d1271806|1760|Sale|C3CFA249-F2A3-8253-1F44-B1C594C6A8D2|B936DA83-8A45-E9F0-2EAE-D75F5C232E78|Sat Sep 27 10:38:47 EAT 2014
853b629a-7e0e-4911-9aa1-8613f7791065|1770|Notice|650195B6-9357-C147-C24E-7FBDAEEC74ED|B936DA83-8A45-E9F0-2EAE-D75F5C232E78|Wed Nov 26 01:32:14 EAT 2014
0cc9e303-8109-4df9-9c0f-6a1977f00d3d|1780|Info|C6D5BA33-C95E-BCC3-D951-2A099E5F9230|B936DA83-8A45-E9F0-2EAE-D75F5C232E78|Sat Oct 04 02:14:52 EAT 2014
bd0caa78-9714-4333-af0c-59be8c80372a|17790|20240|650195B6-9357-C147-C24E-7FBDAEEC74ED|B936DA83-8A45-E9F0-2EAE-D75F5C232E78|Sun Nov 16 19:49:16 EAT 2014
109c80c8-1142-4e41-a44b-43c73298b9de|1800|Sale|C937CE62-C4A9-131F-C96E-2DB8A9E886AB|B936DA83-8A45-E9F0-2EAE-D75F5C232E78|Mon Nov 24 22:25:35 EAT 2014
23c9fe9b-25b7-491a-9b74-f8e84271f1f2|1810|20272|C3CFA249-F2A3-8253-1F44-B1C594C6A8D2|B936DA83-8A45-E9F0-2EAE-D75F5C232E78|Sat Dec 27 09:19:53 EAT 2014
7696514f-5e1e-425e-b1f4-030e7ab49f1b|18820|Sale|650195B6-9357-C147-C24E-7FBDAEEC74ED|B936DA83-8A45-E9F0-2EAE-D75F5C232E78|Fri Sep 26 11:49:56 EAT 2014
956485ab-ecc4-4504-8d4c-1b972e72c8cb|1830|Notice|C6D5BA33-C95E-BCC3-D951-2A099E5F9230|B936DA83-8A45-E9F0-2EAE-D75F5C232E78|Sun Aug 24 22:43:49 EAT 2014
52390c8f-4577-4dc3-b4b9-53b62811f317|1840|Info|8038D870-5455-A2D6-18A9-BD5FA1D0A10A|B936DA83-8A45-E9F0-2EAE-D75F5C232E78|Sat Dec 06 00:27:29 EAT 2014
699a8ded-8960-4293-9d25-e8b149e736db|10850|20240|650195B6-9357-C147-C24E-7FBDAEEC74ED|B936DA83-8A45-E9F0-2EAE-D75F5C232E78|Thu Oct 02 13:08:54 EAT 2014
0d9c59c0-fb1e-451a-aebe-110a72335e8d|1860|Sale|C3CFA249-F2A3-8253-1F44-B1C594C6A8D2|B936DA83-8A45-E9F0-2EAE-D75F5C232E78|Mon Sep 15 18:47:34 EAT 2014
7679b53e-8c14-49fe-b6da-1a6a49d892ca|1870|20272|C3CFA249-F2A3-8253-1F44-B1C594C6A8D2|B936DA83-8A45-E9F0-2EAE-D75F5C232E78|Mon Nov 24 03:02:32 EAT 2014
90bddf81-3dc0-4730-87db-222168721b4d|1880|Sale|C6D5BA33-C95E-BCC3-D951-2A099E5F9230|B936DA83-8A45-E9F0-2EAE-D75F5C232E78|Thu Nov 27 14:15:17 EAT 2014
fa87ca41-cc16-48d2-a4ec-c657d9ef3136|1890|Notice|8038D870-5455-A2D6-18A9-BD5FA1D0A10A|B936DA83-8A45-E9F0-2EAE-D75F5C232E78|Sun Dec 28 00:51:29 EAT 2014
abf34aab-5182-4208-be24-304c2c280b49|1900|Info|C937CE62-C4A9-131F-C96E-2DB8A9E886AB|B936DA83-8A45-E9F0-2EAE-D75F5C232E78|Fri Oct 31 03:13:07 EAT 2014
af432593-4506-4d16-b7ad-d65bebbe9bef|11910|20240|650195B6-9357-C147-C24E-7FBDAEEC74ED|B936DA83-8A45-E9F0-2EAE-D75F5C232E78|Mon Aug 04 02:48:47 EAT 2014
7d4d2f82-5e2d-484a-afbf-a1d59f4215bd|19020|Sale|650195B6-9357-C147-C24E-7FBDAEEC74ED|B936DA83-8A45-E9F0-2EAE-D75F5C232E78|Tue Sep 23 18:37:02 EAT 2014
6d0ab17c-18f9-4c89-b50c-88df12397e19|1930|20272|C3CFA249-F2A3-8253-1F44-B1C594C6A8D2|B936DA83-8A45-E9F0-2EAE-D75F5C232E78|Sat Aug 30 21:21:18 EAT 2014
ae0f024f-ed28-4ec1-9425-8bea19bed21c|1940|Sale|8038D870-5455-A2D6-18A9-BD5FA1D0A10A|B936DA83-8A45-E9F0-2EAE-D75F5C232E78|Thu Aug 14 01:53:04 EAT 2014
aa36b7b1-def9-4776-9644-a952af86f5c6|1950|Notice|C937CE62-C4A9-131F-C96E-2DB8A9E886AB|B936DA83-8A45-E9F0-2EAE-D75F5C232E78|Mon Aug 11 06:50:16 EAT 2014
56a31458-7548-448c-81fb-5c292a9e7f36|1960|Info|C3CFA249-F2A3-8253-1F44-B1C594C6A8D2|B936DA83-8A45-E9F0-2EAE-D75F5C232E78|Mon Sep 29 08:33:09 EAT 2014
121b7aac-20a1-4fc6-94d1-522e82367ff5|19070|20240|650195B6-9357-C147-C24E-7FBDAEEC74ED|B936DA83-8A45-E9F0-2EAE-D75F5C232E78|Fri Sep 26 20:52:10 EAT 2014
7d2c547f-a14b-49c6-86c4-f0a459126ece|1980|Sale|C6D5BA33-C95E-BCC3-D951-2A099E5F9230|B936DA83-8A45-E9F0-2EAE-D75F5C232E78|Wed Dec 03 01:01:44 EAT 2014
e8b8dc5b-94b0-40b8-a0fe-35c01e344200|1990|20272|C3CFA249-F2A3-8253-1F44-B1C594C6A8D2|B936DA83-8A45-E9F0-2EAE-D75F5C232E78|Fri Dec 12 02:59:49 EAT 2014
d8f60435-4e2f-4fff-b7c2-a06e2a5a28fd|2000|Sale|C937CE62-C4A9-131F-C96E-2DB8A9E886AB|B936DA83-8A45-E9F0-2EAE-D75F5C232E78|Sun Dec 07 09:52:44 EAT 2014
57b3911b-2274-413e-af37-f620f1cd56ab|2010|Notice|C3CFA249-F2A3-8253-1F44-B1C594C6A8D2|B936DA83-8A45-E9F0-2EAE-D75F5C232E78|Sat Nov 01 01:47:40 EAT 2014
30990e2b-d852-4bf9-a9ba-72877780d079|20200|Info|650195B6-9357-C147-C24E-7FBDAEEC74ED|B936DA83-8A45-E9F0-2EAE-D75F5C232E78|Mon Sep 22 10:13:41 EAT 2014
241e1dc4-7688-44aa-b6fe-05bab7fa82ba|20030|20240|650195B6-9357-C147-C24E-7FBDAEEC74ED|B936DA83-8A45-E9F0-2EAE-D75F5C232E78|Fri Oct 10 23:00:21 EAT 2014
7102ab38-02f8-4c26-b2db-61e4e2629b36|2040|Sale|8038D870-5455-A2D6-18A9-BD5FA1D0A10A|B936DA83-8A45-E9F0-2EAE-D75F5C232E78|Thu Dec 04 05:49:41 EAT 2014
188136e2-a171-4d25-8077-3b01a629d644|2050|20272|C3CFA249-F2A3-8253-1F44-B1C594C6A8D2|B936DA83-8A45-E9F0-2EAE-D75F5C232E78|Sat Oct 18 12:06:21 EAT 2014
598bb6fa-91ee-464a-95c3-7f24e5f21677|2060|Sale|C3CFA249-F2A3-8253-1F44-B1C594C6A8D2|B936DA83-8A45-E9F0-2EAE-D75F5C232E78|Fri Aug 01 09:52:39 EAT 2014
bfdd1419-66b8-4af6-888f-ba28f323e26e|20070|Notice|650195B6-9357-C147-C24E-7FBDAEEC74ED|B936DA83-8A45-E9F0-2EAE-D75F5C232E78|Fri Nov 07 23:44:59 EAT 2014
8e542e6a-3354-45ff-be83-8c585e58b3db|2080|Info|C6D5BA33-C95E-BCC3-D951-2A099E5F9230|B936DA83-8A45-E9F0-2EAE-D75F5C232E78|Fri Nov 14 00:04:59 EAT 2014
7eadf9fe-07be-4ea3-9a57-1e4bdf3de775|2090|20240|650195B6-9357-C147-C24E-7FBDAEEC74ED|B936DA83-8A45-E9F0-2EAE-D75F5C232E78|Mon Aug 25 13:19:01 EAT 2014
eda3cfbe-19dd-455b-a4b3-88adcdf9bddb|2100|Sale|C937CE62-C4A9-131F-C96E-2DB8A9E886AB|B936DA83-8A45-E9F0-2EAE-D75F5C232E78|Sat Oct 25 00:33:06 EAT 2014
a7f4df42-e5ea-4ace-85a4-ca4a75c596c1|2110|20272|C3CFA249-F2A3-8253-1F44-B1C594C6A8D2|B936DA83-8A45-E9F0-2EAE-D75F5C232E78|Fri Aug 08 23:33:38 EAT 2014
90b9ac24-e4d3-43fa-8c29-fd7e5ca1ef11|9120|Sale|650195B6-9357-C147-C24E-7FBDAEEC74ED|B936DA83-8A45-E9F0-2EAE-D75F5C232E78|Sat Nov 15 03:38:54 EAT 2014
cbafe4ee-a97d-40ca-91d6-d57057dfdeec|2130|Notice|C6D5BA33-C95E-BCC3-D951-2A099E5F9230|B936DA83-8A45-E9F0-2EAE-D75F5C232E78|Thu Oct 02 10:23:20 EAT 2014
8fb35db8-eb31-4020-bc6f-b4c6f45a9468|2140|Info|8038D870-5455-A2D6-18A9-BD5FA1D0A10A|B936DA83-8A45-E9F0-2EAE-D75F5C232E78|Thu Dec 18 08:47:27 EAT 2014
99330c96-cdff-4f88-9a6f-74d0358b223c|8150|20240|650195B6-9357-C147-C24E-7FBDAEEC74ED|B936DA83-8A45-E9F0-2EAE-D75F5C232E78|Wed Aug 20 09:48:57 EAT 2014
9b843f77-7e87-4dfe-b23a-aa6ea87c1117|2160|Sale|C3CFA249-F2A3-8253-1F44-B1C594C6A8D2|B936DA83-8A45-E9F0-2EAE-D75F5C232E78|Sun Dec 14 11:28:04 EAT 2014
6742c2a6-b428-4570-bb94-31ca56628739|2170|20272|C3CFA249-F2A3-8253-1F44-B1C594C6A8D2|B936DA83-8A45-E9F0-2EAE-D75F5C232E78|Wed Nov 05 16:19:05 EAT 2014
abb56d5d-31b0-455d-a5b3-f2426cf231cb|2180|Sale|C6D5BA33-C95E-BCC3-D951-2A099E5F9230|B936DA83-8A45-E9F0-2EAE-D75F5C232E78|Thu Sep 04 14:28:11 EAT 2014
2a719de1-1d85-4072-b3c1-f2c31261a3ab|2190|Notice|8038D870-5455-A2D6-18A9-BD5FA1D0A10A|B936DA83-8A45-E9F0-2EAE-D75F5C232E78|Thu Aug 07 06:39:11 EAT 2014
be587dee-8211-4e68-a884-a451586a7995|2200|Info|C937CE62-C4A9-131F-C96E-2DB8A9E886AB|B936DA83-8A45-E9F0-2EAE-D75F5C232E78|Mon Oct 06 16:10:43 EAT 2014
43f9a133-890e-4d8e-a4d7-8cd3c9ca04f2|2210|20240|650195B6-9357-C147-C24E-7FBDAEEC74ED|B936DA83-8A45-E9F0-2EAE-D75F5C232E78|Sun Dec 21 08:02:32 EAT 2014
9de2597f-a30c-433a-9795-2e8d4893109d|9220|Sale|650195B6-9357-C147-C24E-7FBDAEEC74ED|B936DA83-8A45-E9F0-2EAE-D75F5C232E78|Sat Aug 30 02:18:13 EAT 2014
35b60cd0-e267-4326-99cb-09c6ef1d0ecc|2230|20272|C3CFA249-F2A3-8253-1F44-B1C594C6A8D2|B936DA83-8A45-E9F0-2EAE-D75F5C232E78|Fri Aug 29 11:12:41 EAT 2014
99f33e51-b76e-4285-8cfd-3b9d3551caf4|2240|Sale|8038D870-5455-A2D6-18A9-BD5FA1D0A10A|B936DA83-8A45-E9F0-2EAE-D75F5C232E78|Tue Sep 30 13:28:51 EAT 2014
029910d7-540f-4ceb-957e-85d514f17a6e|2250|Notice|C937CE62-C4A9-131F-C96E-2DB8A9E886AB|B936DA83-8A45-E9F0-2EAE-D75F5C232E78|Mon Dec 15 19:34:28 EAT 2014
c03a6f36-097c-4359-a746-1c388e752217|2260|Info|C3CFA249-F2A3-8253-1F44-B1C594C6A8D2|B936DA83-8A45-E9F0-2EAE-D75F5C232E78|Thu Aug 28 18:45:07 EAT 2014
7b5763f8-822e-46b4-b3b3-985704be8902|7270|20240|650195B6-9357-C147-C24E-7FBDAEEC74ED|B936DA83-8A45-E9F0-2EAE-D75F5C232E78|Tue Oct 14 22:47:34 EAT 2014
415776c9-6670-4d6c-bc9e-399e166747e6|2280|Sale|C6D5BA33-C95E-BCC3-D951-2A099E5F9230|B936DA83-8A45-E9F0-2EAE-D75F5C232E78|Wed Oct 15 08:34:29 EAT 2014
403fcf4f-788b-475a-8754-2c1218741ec6|2290|20272|C3CFA249-F2A3-8253-1F44-B1C594C6A8D2|B936DA83-8A45-E9F0-2EAE-D75F5C232E78|Tue Dec 30 09:54:17 EAT 2014
dd663618-abe1-4a57-8dc7-9ad41f9122bc|2300|Sale|C937CE62-C4A9-131F-C96E-2DB8A9E886AB|B936DA83-8A45-E9F0-2EAE-D75F5C232E78|Mon Aug 11 23:12:30 EAT 2014
f68d8006-d816-43ff-b2c3-1566be73d93e|2310|Notice|C3CFA249-F2A3-8253-1F44-B1C594C6A8D2|B936DA83-8A45-E9F0-2EAE-D75F5C232E78|Sat Dec 06 05:04:51 EAT 2014
ff05edcf-a7f6-42b7-847b-e275ae76dc9b|9320|Info|650195B6-9357-C147-C24E-7FBDAEEC74ED|B936DA83-8A45-E9F0-2EAE-D75F5C232E78|Mon Nov 03 00:03:40 EAT 2014
00fe1f45-3ff9-4e36-9a12-aa5bd47f4cb4|2330|20240|650195B6-9357-C147-C24E-7FBDAEEC74ED|B936DA83-8A45-E9F0-2EAE-D75F5C232E78|Mon Oct 27 11:49:44 EAT 2014
2be63113-41c7-48c5-afbd-3745d762632f|2340|Sale|8038D870-5455-A2D6-18A9-BD5FA1D0A10A|B936DA83-8A45-E9F0-2EAE-D75F5C232E78|Sun Nov 30 19:42:01 EAT 2014
eb7e968a-347a-4426-a94f-636d38bc94d7|2350|20272|C3CFA249-F2A3-8253-1F44-B1C594C6A8D2|B936DA83-8A45-E9F0-2EAE-D75F5C232E78|Wed Dec 17 01:31:08 EAT 2014
d90a4319-5f1d-4542-af11-cc52e7221928|2360|Sale|C3CFA249-F2A3-8253-1F44-B1C594C6A8D2|B936DA83-8A45-E9F0-2EAE-D75F5C232E78|Fri Aug 29 13:06:32 EAT 2014
57ab3a77-8359-4be3-8380-f968321c6a01|26370|Notice|650195B6-9357-C147-C24E-7FBDAEEC74ED|B936DA83-8A45-E9F0-2EAE-D75F5C232E78|Sun Oct 26 22:01:52 EAT 2014
46bcf90a-dacc-4097-b8d2-6fdf2a8de315|2380|Info|C6D5BA33-C95E-BCC3-D951-2A099E5F9230|B936DA83-8A45-E9F0-2EAE-D75F5C232E78|Sun Aug 31 03:30:34 EAT 2014
6c285469-5af3-4a78-bc50-76e8170ab16a|12390|20240|650195B6-9357-C147-C24E-7FBDAEEC74ED|B936DA83-8A45-E9F0-2EAE-D75F5C232E78|Wed Oct 22 17:42:02 EAT 2014
0c3a3447-95b6-4914-94b2-1df86777f152|2400|Sale|C937CE62-C4A9-131F-C96E-2DB8A9E886AB|B936DA83-8A45-E9F0-2EAE-D75F5C232E78|Mon Aug 11 22:07:27 EAT 2014
e5d7cbe8-b1db-42c9-9209-1f14d2b21c95|2410|20272|C3CFA249-F2A3-8253-1F44-B1C594C6A8D2|B936DA83-8A45-E9F0-2EAE-D75F5C232E78|Wed Sep 24 18:25:28 EAT 2014
f826af47-7606-4dfd-8e31-6d6ae2a85237|2420|Sale|650195B6-9357-C147-C24E-7FBDAEEC74ED|B936DA83-8A45-E9F0-2EAE-D75F5C232E78|Sun Oct 19 15:08:16 EAT 2014
d1069b80-4bd4-480c-9e6b-49b1fca09f01|2430|Notice|C6D5BA33-C95E-BCC3-D951-2A099E5F9230|B936DA83-8A45-E9F0-2EAE-D75F5C232E78|Tue Sep 16 17:57:35 EAT 2014
55930ebd-4cc5-4af5-9fc6-8a843e7ba1bd|2440|Info|8038D870-5455-A2D6-18A9-BD5FA1D0A10A|B936DA83-8A45-E9F0-2EAE-D75F5C232E78|Fri Sep 12 21:13:41 EAT 2014
2b14a2d0-766a-404d-ac2d-1f0eb530b58d|20450|20240|650195B6-9357-C147-C24E-7FBDAEEC74ED|B936DA83-8A45-E9F0-2EAE-D75F5C232E78|Tue Sep 16 22:50:22 EAT 2014
0290cc1c-f9f1-4996-8ed5-ecc33e17b73a|2460|Sale|C3CFA249-F2A3-8253-1F44-B1C594C6A8D2|B936DA83-8A45-E9F0-2EAE-D75F5C232E78|Wed Dec 03 10:08:20 EAT 2014
9b75149e-57d8-431f-92ec-7161f9214f3d|2470|20272|C3CFA249-F2A3-8253-1F44-B1C594C6A8D2|B936DA83-8A45-E9F0-2EAE-D75F5C232E78|Thu Aug 21 23:47:00 EAT 2014
312ac647-6834-4735-9a39-6b4b0c4d14d0|2480|Sale|C6D5BA33-C95E-BCC3-D951-2A099E5F9230|B936DA83-8A45-E9F0-2EAE-D75F5C232E78|Sat Aug 16 11:31:19 EAT 2014
479c01ed-4a50-4b06-8a7a-88cd89869960|2490|Notice|8038D870-5455-A2D6-18A9-BD5FA1D0A10A|B936DA83-8A45-E9F0-2EAE-D75F5C232E78|Mon Sep 08 08:42:44 EAT 2014
ca8420df-962d-46d7-b1dd-9c28ea60ff03|2500|Info|C937CE62-C4A9-131F-C96E-2DB8A9E886AB|B936DA83-8A45-E9F0-2EAE-D75F5C232E78|Mon Nov 17 22:08:43 EAT 2014
5546615d-4fe0-4107-8d91-87e60f906427|2510|20240|650195B6-9357-C147-C24E-7FBDAEEC74ED|B936DA83-8A45-E9F0-2EAE-D75F5C232E78|Mon Sep 22 07:58:37 EAT 2014
afac1c7c-5c6f-4543-aa5d-6f56af0785c6|2520|Sale|650195B6-9357-C147-C24E-7FBDAEEC74ED|B936DA83-8A45-E9F0-2EAE-D75F5C232E78|Thu Oct 02 10:41:01 EAT 2014
ea2fda4d-69bb-4342-9fda-c4a2e58fe8cf|2530|20272|C3CFA249-F2A3-8253-1F44-B1C594C6A8D2|B936DA83-8A45-E9F0-2EAE-D75F5C232E78|Mon Dec 29 10:49:35 EAT 2014
466f3ca9-6d64-4cca-9d3b-bfc9b2bc4cfe|2540|Sale|8038D870-5455-A2D6-18A9-BD5FA1D0A10A|B936DA83-8A45-E9F0-2EAE-D75F5C232E78|Wed Nov 12 09:33:49 EAT 2014
0f4b247e-1208-459a-b347-69bde10751f6|2550|Notice|C937CE62-C4A9-131F-C96E-2DB8A9E886AB|B936DA83-8A45-E9F0-2EAE-D75F5C232E78|Mon Dec 01 09:13:17 EAT 2014
03df709c-e7f1-4676-acba-039049846514|2560|Info|C3CFA249-F2A3-8253-1F44-B1C594C6A8D2|B936DA83-8A45-E9F0-2EAE-D75F5C232E78|Thu Dec 11 20:31:31 EAT 2014
a92847f4-b4cc-4cd8-901a-17a218d0a98b|2570|20240|650195B6-9357-C147-C24E-7FBDAEEC74ED|B936DA83-8A45-E9F0-2EAE-D75F5C232E78|Sat Aug 09 13:26:11 EAT 2014
2fc41106-1939-4bb3-9ab4-7bb9aa691d8a|2580|Sale|C6D5BA33-C95E-BCC3-D951-2A099E5F9230|B936DA83-8A45-E9F0-2EAE-D75F5C232E78|Wed Oct 01 12:47:40 EAT 2014
d1452ed1-a6d5-4e2e-9c72-0c14c9957ca2|2590|20272|C3CFA249-F2A3-8253-1F44-B1C594C6A8D2|B936DA83-8A45-E9F0-2EAE-D75F5C232E78|Wed Nov 05 20:25:40 EAT 2014
8b88d6cc-e882-41da-b147-44bfa0323e54|2600|Sale|C937CE62-C4A9-131F-C96E-2DB8A9E886AB|B936DA83-8A45-E9F0-2EAE-D75F5C232E78|Mon Oct 27 09:27:24 EAT 2014
a9e7ad62-42d7-486e-a45b-7f0113be392a|2610|Notice|C3CFA249-F2A3-8253-1F44-B1C594C6A8D2|B936DA83-8A45-E9F0-2EAE-D75F5C232E78|Fri Nov 07 00:36:34 EAT 2014
05c31ca1-c292-4caa-8ec1-ebf87d0fdfd3|2620|Info|650195B6-9357-C147-C24E-7FBDAEEC74ED|B936DA83-8A45-E9F0-2EAE-D75F5C232E78|Fri Oct 17 05:14:39 EAT 2014
b269ed73-08fb-4e7d-8da0-7a22ec494df8|2630|20240|650195B6-9357-C147-C24E-7FBDAEEC74ED|B936DA83-8A45-E9F0-2EAE-D75F5C232E78|Tue Aug 19 20:42:05 EAT 2014
3780b8ae-64d3-431c-9e9c-1c2f3faea0ae|2640|Sale|8038D870-5455-A2D6-18A9-BD5FA1D0A10A|B936DA83-8A45-E9F0-2EAE-D75F5C232E78|Sun Nov 09 04:11:36 EAT 2014
40c20f87-b89d-47ae-b7f0-965704ac2c26|2650|20272|C3CFA249-F2A3-8253-1F44-B1C594C6A8D2|B936DA83-8A45-E9F0-2EAE-D75F5C232E78|Sat Dec 27 00:31:14 EAT 2014
308d701b-6c3d-4a00-962e-6fb5ddf4fc50|2660|Sale|C3CFA249-F2A3-8253-1F44-B1C594C6A8D2|B936DA83-8A45-E9F0-2EAE-D75F5C232E78|Mon Aug 25 09:22:13 EAT 2014
fb2951df-2a50-4d45-88fd-886fe3f7c270|2670|Notice|650195B6-9357-C147-C24E-7FBDAEEC74ED|B936DA83-8A45-E9F0-2EAE-D75F5C232E78|Sat Aug 30 03:00:13 EAT 2014
3e5f04b3-251d-451d-b017-f20a41d12ccf|2680|Info|C6D5BA33-C95E-BCC3-D951-2A099E5F9230|B936DA83-8A45-E9F0-2EAE-D75F5C232E78|Sat Nov 08 22:03:55 EAT 2014
a28cb5ca-4f98-46ed-8502-22164714e288|2690|20240|650195B6-9357-C147-C24E-7FBDAEEC74ED|B936DA83-8A45-E9F0-2EAE-D75F5C232E78|Fri Sep 05 15:20:45 EAT 2014
90352e90-b33f-4681-a95f-f7e6253ab36a|2700|Sale|C937CE62-C4A9-131F-C96E-2DB8A9E886AB|B936DA83-8A45-E9F0-2EAE-D75F5C232E78|Thu Aug 07 16:22:32 EAT 2014
e0094d53-ce8e-4297-b9cb-04037d7938fc|2710|20272|C3CFA249-F2A3-8253-1F44-B1C594C6A8D2|B936DA83-8A45-E9F0-2EAE-D75F5C232E78|Sun Aug 24 07:12:12 EAT 2014
15e65411-b04a-4068-ba42-88e5289784de|2720|Sale|650195B6-9357-C147-C24E-7FBDAEEC74ED|B936DA83-8A45-E9F0-2EAE-D75F5C232E78|Tue Dec 23 00:34:50 EAT 2014
ca7f4686-f2c9-4783-b25c-b27594d4f051|2730|Notice|C6D5BA33-C95E-BCC3-D951-2A099E5F9230|B936DA83-8A45-E9F0-2EAE-D75F5C232E78|Mon Sep 08 02:54:38 EAT 2014
30b3f2c1-4d3d-43b7-bb7a-e541310c3be5|2740|Info|8038D870-5455-A2D6-18A9-BD5FA1D0A10A|B936DA83-8A45-E9F0-2EAE-D75F5C232E78|Sat Aug 23 03:56:47 EAT 2014
cb865847-e9ae-45f0-8c24-ff8ccb7f60db|2750|20240|650195B6-9357-C147-C24E-7FBDAEEC74ED|B936DA83-8A45-E9F0-2EAE-D75F5C232E78|Sat Nov 15 19:35:21 EAT 2014
f85a3145-36a6-42fb-a6c5-d4c8c0405e14|2760|Sale|C3CFA249-F2A3-8253-1F44-B1C594C6A8D2|B936DA83-8A45-E9F0-2EAE-D75F5C232E78|Sat Nov 29 07:32:16 EAT 2014
0916f390-3466-483b-8641-d140525edcbf|2770|20272|C3CFA249-F2A3-8253-1F44-B1C594C6A8D2|B936DA83-8A45-E9F0-2EAE-D75F5C232E78|Thu Oct 02 12:13:46 EAT 2014
0065e9d2-675b-40ee-b9de-ab99e4647370|2780|Sale|C6D5BA33-C95E-BCC3-D951-2A099E5F9230|B936DA83-8A45-E9F0-2EAE-D75F5C232E78|Thu Sep 04 09:29:38 EAT 2014
1c2f8fb8-04bc-4a52-bb27-c17ec8c460be|2790|Notice|8038D870-5455-A2D6-18A9-BD5FA1D0A10A|B936DA83-8A45-E9F0-2EAE-D75F5C232E78|Wed Aug 06 02:46:42 EAT 2014
63cb2387-748e-427e-ac8b-ac088d8b93ff|2800|Info|C937CE62-C4A9-131F-C96E-2DB8A9E886AB|B936DA83-8A45-E9F0-2EAE-D75F5C232E78|Fri Nov 14 21:52:41 EAT 2014
8178fc9d-0af7-4ace-864d-a2570c160dc5|2810|20240|650195B6-9357-C147-C24E-7FBDAEEC74ED|B936DA83-8A45-E9F0-2EAE-D75F5C232E78|Wed Sep 24 04:13:27 EAT 2014
70eff69d-e732-4704-aac2-10fbff1a375f|25820|Sale|650195B6-9357-C147-C24E-7FBDAEEC74ED|B936DA83-8A45-E9F0-2EAE-D75F5C232E78|Tue Aug 12 17:06:31 EAT 2014
2822e798-1f44-402a-be3c-304b3328088d|2830|20272|C3CFA249-F2A3-8253-1F44-B1C594C6A8D2|B936DA83-8A45-E9F0-2EAE-D75F5C232E78|Fri Oct 31 13:52:51 EAT 2014
8c68ba29-8d94-4c82-8d52-24c2cf8383dd|2840|Sale|8038D870-5455-A2D6-18A9-BD5FA1D0A10A|B936DA83-8A45-E9F0-2EAE-D75F5C232E78|Fri Oct 03 22:59:12 EAT 2014
ed0fa5e6-bd1d-4955-93f8-a92d1d3b6a3b|2850|Notice|C937CE62-C4A9-131F-C96E-2DB8A9E886AB|B936DA83-8A45-E9F0-2EAE-D75F5C232E78|Thu Aug 21 13:17:48 EAT 2014
1e95aafa-c6ee-436c-9777-d4cfcfc37178|2860|Info|C3CFA249-F2A3-8253-1F44-B1C594C6A8D2|B936DA83-8A45-E9F0-2EAE-D75F5C232E78|Sat Aug 30 13:30:38 EAT 2014
fbe88e41-5229-43cc-9ee5-af66976bd0e8|21870|20240|650195B6-9357-C147-C24E-7FBDAEEC74ED|B936DA83-8A45-E9F0-2EAE-D75F5C232E78|Thu Dec 18 21:32:03 EAT 2014
ca1737c5-e4a3-44da-8efb-bed7fcf4fa74|2880|Sale|C6D5BA33-C95E-BCC3-D951-2A099E5F9230|B936DA83-8A45-E9F0-2EAE-D75F5C232E78|Fri Nov 07 01:12:31 EAT 2014
ded5d10e-49c7-43b3-a39d-b88caf4d0699|2890|20272|C3CFA249-F2A3-8253-1F44-B1C594C6A8D2|B936DA83-8A45-E9F0-2EAE-D75F5C232E78|Thu Nov 06 08:51:42 EAT 2014
4bfcaa57-50fa-4de4-8cbd-3eea1dcd60c4|2900|Sale|C937CE62-C4A9-131F-C96E-2DB8A9E886AB|B936DA83-8A45-E9F0-2EAE-D75F5C232E78|Fri Oct 17 23:48:28 EAT 2014
fe84b985-c810-44e5-9622-e8fa1877414a|2910|Notice|C3CFA249-F2A3-8253-1F44-B1C594C6A8D2|B936DA83-8A45-E9F0-2EAE-D75F5C232E78|Thu Nov 06 00:34:24 EAT 2014
e3d9c31d-e23f-4848-a1db-7d6b6163f42c|29200|Info|650195B6-9357-C147-C24E-7FBDAEEC74ED|B936DA83-8A45-E9F0-2EAE-D75F5C232E78|Sun Nov 23 23:51:23 EAT 2014
b1cfec43-b4c5-4927-bce0-42d709a7a09e|20030|20240|650195B6-9357-C147-C24E-7FBDAEEC74ED|B936DA83-8A45-E9F0-2EAE-D75F5C232E78|Tue Oct 21 06:42:48 EAT 2014
cc69eb72-7ead-41ec-9d51-e342acace17f|2940|Sale|8038D870-5455-A2D6-18A9-BD5FA1D0A10A|B936DA83-8A45-E9F0-2EAE-D75F5C232E78|Wed Oct 08 13:59:09 EAT 2014
8a543dd7-28f4-48bf-bee5-3953e50dc446|2950|20272|C3CFA249-F2A3-8253-1F44-B1C594C6A8D2|B936DA83-8A45-E9F0-2EAE-D75F5C232E78|Thu Sep 11 01:54:29 EAT 2014
869a0679-e1f5-4d9b-982d-2b67ae9b93cb|2960|Sale|C3CFA249-F2A3-8253-1F44-B1C594C6A8D2|B936DA83-8A45-E9F0-2EAE-D75F5C232E78|Wed Nov 12 12:59:30 EAT 2014
787f2761-3ab7-459b-8f62-4b037efe7928|2970|Notice|650195B6-9357-C147-C24E-7FBDAEEC74ED|B936DA83-8A45-E9F0-2EAE-D75F5C232E78|Wed Aug 27 21:46:56 EAT 2014
4ae94cdd-b3d9-4862-811b-ad3b0dbc8021|2980|Info|C6D5BA33-C95E-BCC3-D951-2A099E5F9230|B936DA83-8A45-E9F0-2EAE-D75F5C232E78|Fri Dec 26 05:33:49 EAT 2014
0e8346a9-a758-4c91-b0a8-92c69ae21bb9|2990|20240|650195B6-9357-C147-C24E-7FBDAEEC74ED|B936DA83-8A45-E9F0-2EAE-D75F5C232E78|Mon Aug 04 00:48:06 EAT 2014
6ae404a7-8ad9-4df3-9be2-0a3f31cf7436|3000|Sale|C937CE62-C4A9-131F-C96E-2DB8A9E886AB|B936DA83-8A45-E9F0-2EAE-D75F5C232E78|Mon Sep 29 01:48:06 EAT 2014
2a7ed152-5ea0-4b67-b75b-82b9bf238577|3010|20272|C3CFA249-F2A3-8253-1F44-B1C594C6A8D2|B936DA83-8A45-E9F0-2EAE-D75F5C232E78|Thu Aug 07 17:00:21 EAT 2014
84ce272d-58db-4c89-a1a3-a78646435625|3020|Sale|650195B6-9357-C147-C24E-7FBDAEEC74ED|B936DA83-8A45-E9F0-2EAE-D75F5C232E78|Sat Dec 06 09:15:40 EAT 2014
aec8679e-4ecd-4f83-8091-77c3d1cde1a7|3030|Notice|C6D5BA33-C95E-BCC3-D951-2A099E5F9230|B936DA83-8A45-E9F0-2EAE-D75F5C232E78|Tue Dec 02 04:00:23 EAT 2014
318b0935-a704-4a1b-a8db-a5851675d96c|3040|Info|8038D870-5455-A2D6-18A9-BD5FA1D0A10A|B936DA83-8A45-E9F0-2EAE-D75F5C232E78|Tue Oct 14 22:50:03 EAT 2014
f5fb287a-9c5c-472b-8f31-7338cd5f2ee7|31050|20240|650195B6-9357-C147-C24E-7FBDAEEC74ED|B936DA83-8A45-E9F0-2EAE-D75F5C232E78|Thu Sep 25 01:42:28 EAT 2014
2a9e569d-5bbb-41b2-847d-780d6a5e349c|3060|Sale|C3CFA249-F2A3-8253-1F44-B1C594C6A8D2|B936DA83-8A45-E9F0-2EAE-D75F5C232E78|Thu Aug 21 07:47:19 EAT 2014
2ec40cef-321f-4d19-b29a-8cb1c554f39c|3070|20272|C3CFA249-F2A3-8253-1F44-B1C594C6A8D2|B936DA83-8A45-E9F0-2EAE-D75F5C232E78|Fri Sep 05 02:01:32 EAT 2014
3d729dc6-cc5a-4980-9513-813ee1e6344d|3080|Sale|C6D5BA33-C95E-BCC3-D951-2A099E5F9230|B936DA83-8A45-E9F0-2EAE-D75F5C232E78|Sat Aug 16 17:08:13 EAT 2014
4a30040f-be52-4bc9-b234-5b3ffea825c7|3090|Notice|8038D870-5455-A2D6-18A9-BD5FA1D0A10A|B936DA83-8A45-E9F0-2EAE-D75F5C232E78|Thu Nov 13 19:36:18 EAT 2014
4f74b733-99ce-4259-84a7-39028a51691f|3100|Info|C937CE62-C4A9-131F-C96E-2DB8A9E886AB|B936DA83-8A45-E9F0-2EAE-D75F5C232E78|Wed Sep 24 12:23:25 EAT 2014
60b093ff-40b0-4243-8b78-195504f97ff4|3110|20240|650195B6-9357-C147-C24E-7FBDAEEC74ED|B936DA83-8A45-E9F0-2EAE-D75F5C232E78|Sun Sep 07 13:51:14 EAT 2014
83d093dd-007e-4a07-87bf-7659a19f882c|3120|Sale|650195B6-9357-C147-C24E-7FBDAEEC74ED|B936DA83-8A45-E9F0-2EAE-D75F5C232E78|Sat Aug 16 14:57:14 EAT 2014
d5d8c4ae-625a-4a41-8eb1-6e4c1bc81ac9|3130|20272|C3CFA249-F2A3-8253-1F44-B1C594C6A8D2|B936DA83-8A45-E9F0-2EAE-D75F5C232E78|Sun Oct 26 15:14:36 EAT 2014
d762a77c-bc9a-4b01-bd3e-56285a9bbae0|3140|Sale|8038D870-5455-A2D6-18A9-BD5FA1D0A10A|B936DA83-8A45-E9F0-2EAE-D75F5C232E78|Sun Oct 12 23:12:45 EAT 2014
4fdacaac-15ba-4d89-9692-d8cf482a1ec6|3150|Notice|C937CE62-C4A9-131F-C96E-2DB8A9E886AB|B936DA83-8A45-E9F0-2EAE-D75F5C232E78|Thu Nov 20 02:30:22 EAT 2014
27227f62-98d4-42b2-9975-7bc46386041d|3160|Info|C3CFA249-F2A3-8253-1F44-B1C594C6A8D2|B936DA83-8A45-E9F0-2EAE-D75F5C232E78|Fri Nov 21 03:58:04 EAT 2014
eb348a29-0ab9-4940-aa84-3f7bce9bfbf1|30170|20240|650195B6-9357-C147-C24E-7FBDAEEC74ED|B936DA83-8A45-E9F0-2EAE-D75F5C232E78|Sun Aug 24 11:02:44 EAT 2014
89586c01-b2ac-486a-9959-a0752483bbe8|3180|Sale|C6D5BA33-C95E-BCC3-D951-2A099E5F9230|B936DA83-8A45-E9F0-2EAE-D75F5C232E78|Tue Nov 11 01:45:53 EAT 2014
f55c88a4-2f7c-4d75-95e4-c22141e4a69e|3190|20272|C3CFA249-F2A3-8253-1F44-B1C594C6A8D2|B936DA83-8A45-E9F0-2EAE-D75F5C232E78|Sun Dec 21 10:58:13 EAT 2014
e907a020-4daa-4f9c-a131-5a3c42a9399b|3200|Sale|C937CE62-C4A9-131F-C96E-2DB8A9E886AB|B936DA83-8A45-E9F0-2EAE-D75F5C232E78|Mon Dec 08 09:34:19 EAT 2014
c32583e7-d95a-43c6-ba82-15e89b46e616|3210|Notice|C3CFA249-F2A3-8253-1F44-B1C594C6A8D2|B936DA83-8A45-E9F0-2EAE-D75F5C232E78|Wed Oct 22 16:18:37 EAT 2014
c61c0a64-9f00-4483-b76f-cf9823da34fc|3220|Info|650195B6-9357-C147-C24E-7FBDAEEC74ED|B936DA83-8A45-E9F0-2EAE-D75F5C232E78|Wed Sep 24 14:52:27 EAT 2014
077f2440-6925-42a2-bbcd-e7673bb19f49|32300|20240|650195B6-9357-C147-C24E-7FBDAEEC74ED|B936DA83-8A45-E9F0-2EAE-D75F5C232E78|Mon Sep 01 10:49:53 EAT 2014
7f720e6f-7462-46a9-80a5-47c085cedfd8|3240|Sale|8038D870-5455-A2D6-18A9-BD5FA1D0A10A|B936DA83-8A45-E9F0-2EAE-D75F5C232E78|Sun Aug 31 13:42:55 EAT 2014
95a7abe4-0c44-4e38-bfae-186609353411|3250|20272|C3CFA249-F2A3-8253-1F44-B1C594C6A8D2|B936DA83-8A45-E9F0-2EAE-D75F5C232E78|Sat Nov 15 21:36:52 EAT 2014
4adbec34-0041-4b8a-ad28-f7c9d239658f|3260|Sale|C3CFA249-F2A3-8253-1F44-B1C594C6A8D2|B936DA83-8A45-E9F0-2EAE-D75F5C232E78|Fri Dec 05 13:22:51 EAT 2014
661e7e7e-75e9-4429-b3bb-f717cf8cc4a3|32170|Notice|650195B6-9357-C147-C24E-7FBDAEEC74ED|B936DA83-8A45-E9F0-2EAE-D75F5C232E78|Sun Sep 28 00:01:12 EAT 2014
b86719df-ad83-4866-a49a-8ba546411571|3280|Info|C6D5BA33-C95E-BCC3-D951-2A099E5F9230|B936DA83-8A45-E9F0-2EAE-D75F5C232E78|Thu Nov 06 09:27:19 EAT 2014
52c026e9-1f5a-4cd1-bb8e-5f66879b36df|30290|20240|650195B6-9357-C147-C24E-7FBDAEEC74ED|B936DA83-8A45-E9F0-2EAE-D75F5C232E78|Wed Oct 01 01:20:24 EAT 2014
f7dd78a3-6920-4be3-bcd2-8f005d9baedc|3300|Sale|C937CE62-C4A9-131F-C96E-2DB8A9E886AB|B936DA83-8A45-E9F0-2EAE-D75F5C232E78|Sun Sep 07 03:22:38 EAT 2014
137a4b0c-ce0e-46d1-bd20-9d44ab82b896|3310|20272|C3CFA249-F2A3-8253-1F44-B1C594C6A8D2|B936DA83-8A45-E9F0-2EAE-D75F5C232E78|Wed Sep 17 12:49:26 EAT 2014
cf3cead6-3233-4370-866a-8b86c16dda7f|3320|Sale|650195B6-9357-C147-C24E-7FBDAEEC74ED|B936DA83-8A45-E9F0-2EAE-D75F5C232E78|Wed Aug 20 18:26:10 EAT 2014
0e16cb06-fb77-4b2b-9b97-ef679363c8f5|3330|Notice|C6D5BA33-C95E-BCC3-D951-2A099E5F9230|B936DA83-8A45-E9F0-2EAE-D75F5C232E78|Fri Aug 15 05:11:31 EAT 2014
5a1b9790-f638-4188-b363-f6bc8a879066|3340|Info|8038D870-5455-A2D6-18A9-BD5FA1D0A10A|B936DA83-8A45-E9F0-2EAE-D75F5C232E78|Sat Aug 30 03:40:52 EAT 2014
2415bb0b-a052-47de-be50-ffc5dc7b94ef|3350|20240|650195B6-9357-C147-C24E-7FBDAEEC74ED|B936DA83-8A45-E9F0-2EAE-D75F5C232E78|Tue Sep 16 10:25:25 EAT 2014
4a9882d9-80dd-455e-9a84-6f52deef0e8a|3360|Sale|C3CFA249-F2A3-8253-1F44-B1C594C6A8D2|B936DA83-8A45-E9F0-2EAE-D75F5C232E78|Tue Sep 23 17:38:42 EAT 2014
340f564a-7881-443c-9920-81d3b8321576|3370|20272|C3CFA249-F2A3-8253-1F44-B1C594C6A8D2|B936DA83-8A45-E9F0-2EAE-D75F5C232E78|Sat Dec 27 14:03:02 EAT 2014
fec168e6-264e-44f9-ba83-d2915df68eb2|3380|Sale|C6D5BA33-C95E-BCC3-D951-2A099E5F9230|B936DA83-8A45-E9F0-2EAE-D75F5C232E78|Thu Oct 02 08:07:36 EAT 2014
55b1a7a2-749d-4093-a29f-f3f3c19118b8|3390|Notice|8038D870-5455-A2D6-18A9-BD5FA1D0A10A|B936DA83-8A45-E9F0-2EAE-D75F5C232E78|Fri Dec 05 22:53:38 EAT 2014
60f61f7d-25de-431b-a584-188af4e8e146|3400|Info|C937CE62-C4A9-131F-C96E-2DB8A9E886AB|B936DA83-8A45-E9F0-2EAE-D75F5C232E78|Mon Nov 03 04:17:58 EAT 2014
3997c805-ce20-45c8-9010-469dd0f1dc3a|3410|20240|650195B6-9357-C147-C24E-7FBDAEEC74ED|B936DA83-8A45-E9F0-2EAE-D75F5C232E78|Sun Nov 16 15:00:30 EAT 2014
e851da01-d4bc-4a7d-8068-a6875a224223|3420|Sale|650195B6-9357-C147-C24E-7FBDAEEC74ED|B936DA83-8A45-E9F0-2EAE-D75F5C232E78|Sun Sep 21 01:21:13 EAT 2014
c1d54332-a074-4cc7-af0b-e0d2f81197a0|3430|20272|C3CFA249-F2A3-8253-1F44-B1C594C6A8D2|B936DA83-8A45-E9F0-2EAE-D75F5C232E78|Sun Dec 28 19:10:38 EAT 2014
35e41c2c-b7d1-4550-959b-ecf93962fa86|3440|Sale|8038D870-5455-A2D6-18A9-BD5FA1D0A10A|B936DA83-8A45-E9F0-2EAE-D75F5C232E78|Thu Nov 20 08:25:54 EAT 2014
f960378c-7e78-413d-bf60-77b7be7cd845|3450|Notice|C937CE62-C4A9-131F-C96E-2DB8A9E886AB|B936DA83-8A45-E9F0-2EAE-D75F5C232E78|Sun Dec 28 10:19:56 EAT 2014
8184073d-48aa-4f3a-a82e-8b8c2ffdf16b|3460|Info|C3CFA249-F2A3-8253-1F44-B1C594C6A8D2|B936DA83-8A45-E9F0-2EAE-D75F5C232E78|Tue Sep 23 18:26:55 EAT 2014
4972aa46-f51f-46ea-a5c8-2158380a2d39|30470|20240|650195B6-9357-C147-C24E-7FBDAEEC74ED|B936DA83-8A45-E9F0-2EAE-D75F5C232E78|Tue Oct 14 09:15:32 EAT 2014
c25a22b9-3ce8-429b-a158-067686124433|3480|Sale|C6D5BA33-C95E-BCC3-D951-2A099E5F9230|B936DA83-8A45-E9F0-2EAE-D75F5C232E78|Wed Sep 03 13:17:31 EAT 2014
24ff24e2-b0f2-4f45-8645-80e4ca8e04d0|3490|20272|C3CFA249-F2A3-8253-1F44-B1C594C6A8D2|B936DA83-8A45-E9F0-2EAE-D75F5C232E78|Fri Aug 29 00:08:38 EAT 2014
674b64fc-0e87-46bb-9301-9451e561bc76|3500|Sale|C937CE62-C4A9-131F-C96E-2DB8A9E886AB|B936DA83-8A45-E9F0-2EAE-D75F5C232E78|Wed Aug 06 18:50:38 EAT 2014
cde01313-8ffb-439b-8152-da3509754a86|3510|Notice|C3CFA249-F2A3-8253-1F44-B1C594C6A8D2|B936DA83-8A45-E9F0-2EAE-D75F5C232E78|Mon Sep 01 16:41:27 EAT 2014
35fad7e6-2550-45d9-ad9b-a12e62ff8e6d|3520|Info|650195B6-9357-C147-C24E-7FBDAEEC74ED|B936DA83-8A45-E9F0-2EAE-D75F5C232E78|Thu Dec 25 23:14:22 EAT 2014
462755ba-6378-4e74-a668-a45c9d4a06ce|3530|20240|650195B6-9357-C147-C24E-7FBDAEEC74ED|B936DA83-8A45-E9F0-2EAE-D75F5C232E78|Wed Nov 26 16:44:13 EAT 2014
9b8dacda-4329-4764-87f9-f421cce1b0cd|3540|Sale|8038D870-5455-A2D6-18A9-BD5FA1D0A10A|B936DA83-8A45-E9F0-2EAE-D75F5C232E78|Sun Oct 12 05:47:16 EAT 2014
df2b42ea-6c6c-45b1-8b79-8df810ae9e6c|3550|20272|C3CFA249-F2A3-8253-1F44-B1C594C6A8D2|B936DA83-8A45-E9F0-2EAE-D75F5C232E78|Mon Aug 04 14:49:07 EAT 2014
364fa89d-b76e-4ab0-b19a-6aa80461fa0a|3560|Sale|C3CFA249-F2A3-8253-1F44-B1C594C6A8D2|B936DA83-8A45-E9F0-2EAE-D75F5C232E78|Mon Oct 20 05:09:01 EAT 2014
c8037bb1-3fcc-4471-8776-fa9a0b4372bc|3570|Notice|650195B6-9357-C147-C24E-7FBDAEEC74ED|B936DA83-8A45-E9F0-2EAE-D75F5C232E78|Sun Nov 30 01:30:34 EAT 2014
6e967935-dfbc-444b-a1e0-c170a9c1b739|3580|Info|C6D5BA33-C95E-BCC3-D951-2A099E5F9230|B936DA83-8A45-E9F0-2EAE-D75F5C232E78|Wed Oct 29 17:26:34 EAT 2014
6046ff0f-95b4-4cae-9a06-2399a05af50e|3590|20240|650195B6-9357-C147-C24E-7FBDAEEC74ED|B936DA83-8A45-E9F0-2EAE-D75F5C232E78|Sat Dec 06 22:34:44 EAT 2014
10ca754e-f980-45ae-ba41-c234a310a068|3600|Sale|C937CE62-C4A9-131F-C96E-2DB8A9E886AB|B936DA83-8A45-E9F0-2EAE-D75F5C232E78|Tue Oct 28 01:42:26 EAT 2014
1645d6ac-15f6-4183-8c5f-9a65efdf755f|3610|20272|C3CFA249-F2A3-8253-1F44-B1C594C6A8D2|B936DA83-8A45-E9F0-2EAE-D75F5C232E78|Fri Aug 01 22:15:18 EAT 2014
fa444ea5-1d49-4d41-ab00-40a79a841ad8|3620|Sale|650195B6-9357-C147-C24E-7FBDAEEC74ED|B936DA83-8A45-E9F0-2EAE-D75F5C232E78|Tue Nov 18 04:45:25 EAT 2014
4ffb6a7b-9054-4f05-a5a9-57890aeeada8|3630|Notice|C6D5BA33-C95E-BCC3-D951-2A099E5F9230|B936DA83-8A45-E9F0-2EAE-D75F5C232E78|Sun Oct 05 03:02:59 EAT 2014
83fe70fd-60c3-4fa4-868e-75311e934033|3640|Info|8038D870-5455-A2D6-18A9-BD5FA1D0A10A|B936DA83-8A45-E9F0-2EAE-D75F5C232E78|Sun Nov 30 23:25:27 EAT 2014
af47cee4-aad4-4e36-97d4-d2c6a1d7078d|36500|20240|650195B6-9357-C147-C24E-7FBDAEEC74ED|B936DA83-8A45-E9F0-2EAE-D75F5C232E78|Wed Nov 19 10:58:40 EAT 2014
619f3f98-b2a5-48fa-82da-4b4ca88cb0c6|3660|Sale|C3CFA249-F2A3-8253-1F44-B1C594C6A8D2|B936DA83-8A45-E9F0-2EAE-D75F5C232E78|Tue Oct 07 03:30:18 EAT 2014
5904f0d3-837d-4247-9ba1-655bb7ad41fd|3670|20272|C3CFA249-F2A3-8253-1F44-B1C594C6A8D2|B936DA83-8A45-E9F0-2EAE-D75F5C232E78|Sat Dec 06 22:34:05 EAT 2014
f64281d1-7691-469f-98c1-3c51b20f6ca1|3680|Sale|C6D5BA33-C95E-BCC3-D951-2A099E5F9230|B936DA83-8A45-E9F0-2EAE-D75F5C232E78|Fri Nov 14 21:46:48 EAT 2014
07c1dbf5-cbd3-478c-aae6-ee6cbaf3a014|3690|Notice|8038D870-5455-A2D6-18A9-BD5FA1D0A10A|B936DA83-8A45-E9F0-2EAE-D75F5C232E78|Fri Sep 05 15:46:23 EAT 2014
424963dc-e377-4324-9ab3-a9af47c8397d|3700|Info|C937CE62-C4A9-131F-C96E-2DB8A9E886AB|B936DA83-8A45-E9F0-2EAE-D75F5C232E78|Tue Oct 21 20:03:15 EAT 2014
5593a8d3-b42a-452f-938c-8141d460368a|13710|20240|650195B6-9357-C147-C24E-7FBDAEEC74ED|B936DA83-8A45-E9F0-2EAE-D75F5C232E78|Wed Oct 29 22:41:50 EAT 2014
c1e56bee-6713-4424-b28e-818b99e5cc74|13720|Sale|650195B6-9357-C147-C24E-7FBDAEEC74ED|B936DA83-8A45-E9F0-2EAE-D75F5C232E78|Mon Dec 29 02:06:19 EAT 2014
7990155b-a995-4eaf-a20b-f92cdade70df|3730|20272|C3CFA249-F2A3-8253-1F44-B1C594C6A8D2|B936DA83-8A45-E9F0-2EAE-D75F5C232E78|Sat Nov 15 10:47:49 EAT 2014
70178ef7-a168-42a4-8f70-c26abe70aca9|3740|Sale|8038D870-5455-A2D6-18A9-BD5FA1D0A10A|B936DA83-8A45-E9F0-2EAE-D75F5C232E78|Tue Dec 02 12:30:06 EAT 2014
542588d0-1d7d-48ce-8ac7-640580c25a48|3750|Notice|C937CE62-C4A9-131F-C96E-2DB8A9E886AB|B936DA83-8A45-E9F0-2EAE-D75F5C232E78|Sun Oct 12 17:27:16 EAT 2014
c262f2e2-746f-4ae8-8be0-b32ada80af68|3760|Info|C3CFA249-F2A3-8253-1F44-B1C594C6A8D2|B936DA83-8A45-E9F0-2EAE-D75F5C232E78|Sat Sep 27 16:00:36 EAT 2014
ea3abb30-a963-441f-b7bd-08f591e09f3b|3770|20240|650195B6-9357-C147-C24E-7FBDAEEC74ED|B936DA83-8A45-E9F0-2EAE-D75F5C232E78|Wed Nov 12 08:19:06 EAT 2014
ad62d71e-1f5e-40bd-bc97-f4a06c1551a9|3780|Sale|C6D5BA33-C95E-BCC3-D951-2A099E5F9230|B936DA83-8A45-E9F0-2EAE-D75F5C232E78|Sat Nov 22 10:17:25 EAT 2014
8cc2c628-a363-4f1f-8767-968a8c436746|3790|20272|C3CFA249-F2A3-8253-1F44-B1C594C6A8D2|B936DA83-8A45-E9F0-2EAE-D75F5C232E78|Wed Dec 10 13:51:23 EAT 2014
837225cf-91df-4888-bb6b-656d26af880c|3800|Sale|C937CE62-C4A9-131F-C96E-2DB8A9E886AB|B936DA83-8A45-E9F0-2EAE-D75F5C232E78|Mon Sep 08 05:01:49 EAT 2014
a8ef33ab-c1b5-4bb8-93ab-629faa35f1ff|3810|Notice|C3CFA249-F2A3-8253-1F44-B1C594C6A8D2|B936DA83-8A45-E9F0-2EAE-D75F5C232E78|Sun Sep 14 04:15:51 EAT 2014
b19d1099-bd70-478d-bb67-be5e328ce05f|3820|Info|650195B6-9357-C147-C24E-7FBDAEEC74ED|B936DA83-8A45-E9F0-2EAE-D75F5C232E78|Mon Nov 24 03:45:28 EAT 2014
a5e13107-3ffd-4c91-99d0-f8e2b82e0aca|3830|20240|650195B6-9357-C147-C24E-7FBDAEEC74ED|B936DA83-8A45-E9F0-2EAE-D75F5C232E78|Sat Sep 06 04:41:58 EAT 2014
7ff20811-625a-4182-bdd2-ffda54ec2a80|3840|Sale|8038D870-5455-A2D6-18A9-BD5FA1D0A10A|B936DA83-8A45-E9F0-2EAE-D75F5C232E78|Sat Nov 01 08:25:11 EAT 2014
45ffa485-2243-452a-81a2-a6d7ea2e300d|3850|20272|C3CFA249-F2A3-8253-1F44-B1C594C6A8D2|B936DA83-8A45-E9F0-2EAE-D75F5C232E78|Thu Oct 23 17:22:59 EAT 2014
2ba3b475-3462-4510-bd1b-1c5e99d65ae8|3860|Sale|C3CFA249-F2A3-8253-1F44-B1C594C6A8D2|B936DA83-8A45-E9F0-2EAE-D75F5C232E78|Thu Aug 14 07:38:26 EAT 2014
a81600f7-45ad-466f-afb9-3458f53dc180|3870|Notice|650195B6-9357-C147-C24E-7FBDAEEC74ED|B936DA83-8A45-E9F0-2EAE-D75F5C232E78|Sun Nov 02 11:13:29 EAT 2014
1268ac80-e14c-4a04-b2a7-8b428bd6e878|3880|Info|C6D5BA33-C95E-BCC3-D951-2A099E5F9230|B936DA83-8A45-E9F0-2EAE-D75F5C232E78|Wed Aug 13 13:07:13 EAT 2014
e9cb9d50-b18d-4f40-8333-4bbe0a4328d6|3890|20240|650195B6-9357-C147-C24E-7FBDAEEC74ED|B936DA83-8A45-E9F0-2EAE-D75F5C232E78|Sun Aug 31 00:47:19 EAT 2014
fb7742d3-10ed-4951-800b-4e00810899a7|3900|Sale|C937CE62-C4A9-131F-C96E-2DB8A9E886AB|B936DA83-8A45-E9F0-2EAE-D75F5C232E78|Sat Nov 08 19:19:47 EAT 2014
6ef7665e-baaa-4c9b-a769-cc204a2ed111|3910|20272|C3CFA249-F2A3-8253-1F44-B1C594C6A8D2|B936DA83-8A45-E9F0-2EAE-D75F5C232E78|Thu Nov 06 17:30:59 EAT 2014
aa552f11-e989-4c7f-80dc-54f10041d2d7|3920|Sale|650195B6-9357-C147-C24E-7FBDAEEC74ED|B936DA83-8A45-E9F0-2EAE-D75F5C232E78|Mon Sep 22 16:02:51 EAT 2014
bee263e4-aa8f-46f8-a5df-2a04258b05f8|3930|Notice|C6D5BA33-C95E-BCC3-D951-2A099E5F9230|B936DA83-8A45-E9F0-2EAE-D75F5C232E78|Mon Dec 01 11:09:16 EAT 2014
4687e3f8-9535-4574-9a3b-d2228e6cdce3|3940|Info|8038D870-5455-A2D6-18A9-BD5FA1D0A10A|B936DA83-8A45-E9F0-2EAE-D75F5C232E78|Mon Sep 15 12:03:43 EAT 2014
38c301c5-a344-457f-abff-76cc7890b464|3950|20240|650195B6-9357-C147-C24E-7FBDAEEC74ED|B936DA83-8A45-E9F0-2EAE-D75F5C232E78|Thu Oct 30 02:01:19 EAT 2014
a19fbd64-9c45-4a2c-a9c5-772bc2332601|3960|Sale|C3CFA249-F2A3-8253-1F44-B1C594C6A8D2|B936DA83-8A45-E9F0-2EAE-D75F5C232E78|Sat Oct 04 18:40:47 EAT 2014
4ee9a8cd-94d9-4f2a-b7b4-3068eaa4da66|3970|20272|C3CFA249-F2A3-8253-1F44-B1C594C6A8D2|B936DA83-8A45-E9F0-2EAE-D75F5C232E78|Tue Aug 26 16:31:59 EAT 2014
7b657b2e-d130-4280-8c8e-da30238078ce|3980|Sale|C6D5BA33-C95E-BCC3-D951-2A099E5F9230|B936DA83-8A45-E9F0-2EAE-D75F5C232E78|Wed Sep 24 07:19:10 EAT 2014
b3deea3e-7ab4-414b-8a0d-f6c25ba63ade|3990|Notice|8038D870-5455-A2D6-18A9-BD5FA1D0A10A|B936DA83-8A45-E9F0-2EAE-D75F5C232E78|Fri Nov 14 04:50:33 EAT 2014
85fbfe05-7f6a-49ec-983a-35e60b949ad5|4000|Info|C937CE62-C4A9-131F-C96E-2DB8A9E886AB|B936DA83-8A45-E9F0-2EAE-D75F5C232E78|Thu Dec 25 07:48:51 EAT 2014
cdc8391c-baa3-4817-88f3-1235aca7e385|4010|20240|650195B6-9357-C147-C24E-7FBDAEEC74ED|B936DA83-8A45-E9F0-2EAE-D75F5C232E78|Thu Sep 04 02:10:20 EAT 2014
bfe990f8-c0ef-4249-bf2b-7ecec97c42f4|4020|Sale|650195B6-9357-C147-C24E-7FBDAEEC74ED|B936DA83-8A45-E9F0-2EAE-D75F5C232E78|Mon Aug 18 04:42:22 EAT 2014
32e48629-ebea-4fa0-acd2-e18b49adaf80|4030|20272|C3CFA249-F2A3-8253-1F44-B1C594C6A8D2|B936DA83-8A45-E9F0-2EAE-D75F5C232E78|Mon Aug 11 09:21:13 EAT 2014
63df1953-6ec4-41ff-8172-bb2ea328b2e0|4040|Sale|8038D870-5455-A2D6-18A9-BD5FA1D0A10A|B936DA83-8A45-E9F0-2EAE-D75F5C232E78|Sat Oct 11 01:33:28 EAT 2014
16736043-c0a4-4e18-91fc-955be9391946|4050|Notice|C937CE62-C4A9-131F-C96E-2DB8A9E886AB|B936DA83-8A45-E9F0-2EAE-D75F5C232E78|Sun Aug 17 03:27:15 EAT 2014
e8ed8c35-1234-4fec-b22f-5942780d32b6|4060|Info|C3CFA249-F2A3-8253-1F44-B1C594C6A8D2|B936DA83-8A45-E9F0-2EAE-D75F5C232E78|Mon Dec 29 05:59:52 EAT 2014
d1c89381-b6a8-4dca-bfd5-43c7d46e1c2e|4070|20240|650195B6-9357-C147-C24E-7FBDAEEC74ED|B936DA83-8A45-E9F0-2EAE-D75F5C232E78|Sun Dec 07 21:08:08 EAT 2014
a06a0e3f-3691-490b-b57f-96023b4bb9eb|4080|Sale|C6D5BA33-C95E-BCC3-D951-2A099E5F9230|B936DA83-8A45-E9F0-2EAE-D75F5C232E78|Fri Aug 15 20:42:00 EAT 2014
f030808c-c10d-4752-b435-66108a9ef840|4090|20272|C3CFA249-F2A3-8253-1F44-B1C594C6A8D2|B936DA83-8A45-E9F0-2EAE-D75F5C232E78|Thu Oct 30 00:24:57 EAT 2014
5b1ae510-d14a-4aea-84b7-397434019818|4100|Sale|C937CE62-C4A9-131F-C96E-2DB8A9E886AB|B936DA83-8A45-E9F0-2EAE-D75F5C232E78|Wed Oct 08 05:20:20 EAT 2014
5b74552d-9c1a-4e05-acd4-90cad0460f64|4110|Notice|C3CFA249-F2A3-8253-1F44-B1C594C6A8D2|B936DA83-8A45-E9F0-2EAE-D75F5C232E78|Tue Oct 14 08:33:41 EAT 2014
d7cd9dba-f144-4e80-b4b3-7aacf347574c|4120|Info|650195B6-9357-C147-C24E-7FBDAEEC74ED|B936DA83-8A45-E9F0-2EAE-D75F5C232E78|Thu Nov 13 18:09:41 EAT 2014
509c26f7-2adc-4f7b-bd2d-037b82560469|4130|20240|650195B6-9357-C147-C24E-7FBDAEEC74ED|B936DA83-8A45-E9F0-2EAE-D75F5C232E78|Sat Dec 06 10:09:23 EAT 2014
5ee9d210-c3fb-4cc5-b31f-f6dd9a3343cf|4140|Sale|8038D870-5455-A2D6-18A9-BD5FA1D0A10A|B936DA83-8A45-E9F0-2EAE-D75F5C232E78|Wed Dec 03 00:16:47 EAT 2014
1597278c-5091-4609-95cf-5bbbe6908d7d|4150|20272|C3CFA249-F2A3-8253-1F44-B1C594C6A8D2|B936DA83-8A45-E9F0-2EAE-D75F5C232E78|Tue Nov 11 01:25:37 EAT 2014
cf8cd057-0d2f-40a9-b86c-8672bf5f0e05|4160|Sale|C3CFA249-F2A3-8253-1F44-B1C594C6A8D2|B936DA83-8A45-E9F0-2EAE-D75F5C232E78|Wed Nov 26 08:34:10 EAT 2014
8be95b25-db69-46c2-b26c-cb9bd0b8afba|4170|Notice|650195B6-9357-C147-C24E-7FBDAEEC74ED|B936DA83-8A45-E9F0-2EAE-D75F5C232E78|Sun Oct 26 06:11:14 EAT 2014
25b16f20-62d5-42c1-9f7f-d5d510f78e20|4180|Info|C6D5BA33-C95E-BCC3-D951-2A099E5F9230|B936DA83-8A45-E9F0-2EAE-D75F5C232E78|Mon Dec 22 16:28:50 EAT 2014
c3ac07b3-0954-4d3b-8cd3-519d8b2f97db|4190|20240|650195B6-9357-C147-C24E-7FBDAEEC74ED|B936DA83-8A45-E9F0-2EAE-D75F5C232E78|Mon Sep 29 13:05:00 EAT 2014
5a84cb40-8fe2-4028-a67b-88231589c748|4200|Sale|C937CE62-C4A9-131F-C96E-2DB8A9E886AB|B936DA83-8A45-E9F0-2EAE-D75F5C232E78|Sun Dec 28 20:14:53 EAT 2014
60414ccc-9a44-4fa2-afd0-7d53e168c951|4210|20272|C3CFA249-F2A3-8253-1F44-B1C594C6A8D2|B936DA83-8A45-E9F0-2EAE-D75F5C232E78|Wed Aug 20 06:00:55 EAT 2014
e4a33013-d720-4dbe-a8ee-481915f7e48e|4220|Sale|650195B6-9357-C147-C24E-7FBDAEEC74ED|B936DA83-8A45-E9F0-2EAE-D75F5C232E78|Thu Dec 18 05:41:48 EAT 2014
916302b6-a396-40ed-8a32-5bb1bac69bdf|4230|Notice|C6D5BA33-C95E-BCC3-D951-2A099E5F9230|B936DA83-8A45-E9F0-2EAE-D75F5C232E78|Sat Aug 23 05:37:24 EAT 2014
a2a74338-509b-4319-b42c-5a1ebdf96765|4240|Info|8038D870-5455-A2D6-18A9-BD5FA1D0A10A|B936DA83-8A45-E9F0-2EAE-D75F5C232E78|Wed Aug 13 02:17:05 EAT 2014
fd4cbab7-5c61-47f9-8161-3ed7be4be56a|4250|20240|650195B6-9357-C147-C24E-7FBDAEEC74ED|B936DA83-8A45-E9F0-2EAE-D75F5C232E78|Thu Dec 18 05:51:30 EAT 2014
4835dda8-65a6-4098-8a50-7f3217a3dcdb|4260|Sale|C3CFA249-F2A3-8253-1F44-B1C594C6A8D2|B936DA83-8A45-E9F0-2EAE-D75F5C232E78|Thu Aug 07 02:01:38 EAT 2014
ca5d2fe8-fc99-4985-9b0c-f7efbb337e1b|4270|20272|C3CFA249-F2A3-8253-1F44-B1C594C6A8D2|B936DA83-8A45-E9F0-2EAE-D75F5C232E78|Fri Nov 07 06:56:40 EAT 2014
8cf4f2f9-3663-43c2-9695-dceab0e8efc3|4280|Sale|C6D5BA33-C95E-BCC3-D951-2A099E5F9230|B936DA83-8A45-E9F0-2EAE-D75F5C232E78|Fri Sep 12 21:08:47 EAT 2014
fed14b06-fac5-4158-9592-97f3a48b303c|4290|Notice|8038D870-5455-A2D6-18A9-BD5FA1D0A10A|B936DA83-8A45-E9F0-2EAE-D75F5C232E78|Sat Oct 25 14:11:07 EAT 2014
89a1bc9c-b748-435e-b59a-f074da8fe7be|4300|Info|C937CE62-C4A9-131F-C96E-2DB8A9E886AB|B936DA83-8A45-E9F0-2EAE-D75F5C232E78|Mon Aug 25 04:44:43 EAT 2014
f51e79dc-93b9-49a0-8669-03dca11bac1d|4310|20240|650195B6-9357-C147-C24E-7FBDAEEC74ED|B936DA83-8A45-E9F0-2EAE-D75F5C232E78|Wed Sep 03 17:37:10 EAT 2014
38f3c2f2-cb73-4e64-b7e6-121e2ea346c4|4320|Sale|650195B6-9357-C147-C24E-7FBDAEEC74ED|B936DA83-8A45-E9F0-2EAE-D75F5C232E78|Wed Aug 13 09:16:21 EAT 2014
804e0917-9671-48a9-a648-27f4394d8503|4330|20272|C3CFA249-F2A3-8253-1F44-B1C594C6A8D2|B936DA83-8A45-E9F0-2EAE-D75F5C232E78|Sat Aug 09 23:12:08 EAT 2014
9f24fa92-882d-4b42-a62f-7f9226ae6b8b|4340|Sale|8038D870-5455-A2D6-18A9-BD5FA1D0A10A|B936DA83-8A45-E9F0-2EAE-D75F5C232E78|Tue Dec 30 22:05:27 EAT 2014
8c0673a7-d3e2-473e-a300-f272d9a4e45f|4350|Notice|C937CE62-C4A9-131F-C96E-2DB8A9E886AB|B936DA83-8A45-E9F0-2EAE-D75F5C232E78|Mon Dec 15 11:33:26 EAT 2014
4ad0763e-d5a3-41f9-9bef-35716053212c|4360|Info|C3CFA249-F2A3-8253-1F44-B1C594C6A8D2|B936DA83-8A45-E9F0-2EAE-D75F5C232E78|Tue Sep 23 18:51:14 EAT 2014
b0c349ad-5513-4479-a907-4854b31b7032|4370|20240|650195B6-9357-C147-C24E-7FBDAEEC74ED|B936DA83-8A45-E9F0-2EAE-D75F5C232E78|Mon Dec 08 23:29:43 EAT 2014
3bed8950-caf6-4da2-9e24-51b271b770f0|4380|Sale|C6D5BA33-C95E-BCC3-D951-2A099E5F9230|B936DA83-8A45-E9F0-2EAE-D75F5C232E78|Tue Aug 12 12:10:16 EAT 2014
48de9226-3edc-4163-8a43-93cbcfd4e00d|4390|20272|C3CFA249-F2A3-8253-1F44-B1C594C6A8D2|B936DA83-8A45-E9F0-2EAE-D75F5C232E78|Fri Oct 24 03:08:25 EAT 2014
386e32aa-d4ab-44af-bdfa-5132b1b8882b|4400|Sale|C937CE62-C4A9-131F-C96E-2DB8A9E886AB|B936DA83-8A45-E9F0-2EAE-D75F5C232E78|Thu Oct 23 06:34:50 EAT 2014
acb9d5ab-01fb-4e48-bd39-200b7a3ab070|4410|Notice|C3CFA249-F2A3-8253-1F44-B1C594C6A8D2|B936DA83-8A45-E9F0-2EAE-D75F5C232E78|Mon Oct 13 07:08:52 EAT 2014
d7255be0-b763-4d1c-89e6-e9e53597de2b|4420|Info|650195B6-9357-C147-C24E-7FBDAEEC74ED|B936DA83-8A45-E9F0-2EAE-D75F5C232E78|Tue Aug 19 18:16:47 EAT 2014
956d03d1-63f2-473a-a7e4-e1dfca732205|4430|20240|650195B6-9357-C147-C24E-7FBDAEEC74ED|B936DA83-8A45-E9F0-2EAE-D75F5C232E78|Sun Aug 24 13:41:40 EAT 2014
691bc0e8-5835-4785-853b-fbcd0f3a7469|4440|Sale|8038D870-5455-A2D6-18A9-BD5FA1D0A10A|B936DA83-8A45-E9F0-2EAE-D75F5C232E78|Sun Oct 26 02:13:20 EAT 2014
cf574264-2e77-4345-9063-2d2ce998f6e0|4450|20272|C3CFA249-F2A3-8253-1F44-B1C594C6A8D2|B936DA83-8A45-E9F0-2EAE-D75F5C232E78|Wed Sep 24 01:13:48 EAT 2014
5f038065-9c3b-46b4-8b02-e59bbb4fe281|4460|Sale|C3CFA249-F2A3-8253-1F44-B1C594C6A8D2|B936DA83-8A45-E9F0-2EAE-D75F5C232E78|Mon Aug 18 16:52:00 EAT 2014
ee7b4101-0849-4caa-b1d5-adf9a4a70b7b|4470|Notice|650195B6-9357-C147-C24E-7FBDAEEC74ED|B936DA83-8A45-E9F0-2EAE-D75F5C232E78|Sat Sep 27 13:57:09 EAT 2014
d0a53ece-76a5-4fe8-852c-884ba017fa61|4480|Info|C6D5BA33-C95E-BCC3-D951-2A099E5F9230|B936DA83-8A45-E9F0-2EAE-D75F5C232E78|Sun Dec 14 01:49:07 EAT 2014
5c4e7406-c896-4f89-bb31-5bc424fb526a|4490|20240|650195B6-9357-C147-C24E-7FBDAEEC74ED|B936DA83-8A45-E9F0-2EAE-D75F5C232E78|Sat Oct 04 05:21:50 EAT 2014
50ab8a8e-1acd-4f8e-aaaa-7c131b477b10|4500|Sale|C937CE62-C4A9-131F-C96E-2DB8A9E886AB|B936DA83-8A45-E9F0-2EAE-D75F5C232E78|Mon Oct 20 19:08:43 EAT 2014
67bdefd2-e976-408d-923b-02444a377919|4510|20272|C3CFA249-F2A3-8253-1F44-B1C594C6A8D2|B936DA83-8A45-E9F0-2EAE-D75F5C232E78|Wed Dec 03 00:54:23 EAT 2014
39dfa778-5855-47ea-9fbc-39cb114cf80e|4520|Sale|650195B6-9357-C147-C24E-7FBDAEEC74ED|B936DA83-8A45-E9F0-2EAE-D75F5C232E78|Tue Dec 16 20:10:18 EAT 2014
3eea2707-a66e-4c9e-8fad-18a6e007a047|4530|Notice|C6D5BA33-C95E-BCC3-D951-2A099E5F9230|B936DA83-8A45-E9F0-2EAE-D75F5C232E78|Tue Nov 25 15:08:20 EAT 2014
8d2ea2dd-9c3d-4be2-be82-3ff0560fccf6|4540|Info|8038D870-5455-A2D6-18A9-BD5FA1D0A10A|B936DA83-8A45-E9F0-2EAE-D75F5C232E78|Thu Aug 07 15:34:24 EAT 2014
bda96f5e-35bb-494d-860a-ba7693fa4942|4550|20240|650195B6-9357-C147-C24E-7FBDAEEC74ED|B936DA83-8A45-E9F0-2EAE-D75F5C232E78|Tue Nov 25 11:29:07 EAT 2014
9beb01ff-7efe-4cd4-ade2-1d778785f77a|4560|Sale|C3CFA249-F2A3-8253-1F44-B1C594C6A8D2|B936DA83-8A45-E9F0-2EAE-D75F5C232E78|Mon Nov 10 03:19:17 EAT 2014
c1c2c7de-dce7-4de5-ab66-764f558c1e10|4570|20272|C3CFA249-F2A3-8253-1F44-B1C594C6A8D2|B936DA83-8A45-E9F0-2EAE-D75F5C232E78|Thu Sep 18 03:11:49 EAT 2014
9a1aa44f-7513-46a0-bda2-4e092c4ad5c9|4580|Sale|C6D5BA33-C95E-BCC3-D951-2A099E5F9230|B936DA83-8A45-E9F0-2EAE-D75F5C232E78|Fri Nov 21 09:56:16 EAT 2014
6622e996-a472-4205-a41e-862a32f56d48|4590|Notice|8038D870-5455-A2D6-18A9-BD5FA1D0A10A|B936DA83-8A45-E9F0-2EAE-D75F5C232E78|Wed Oct 01 19:18:03 EAT 2014
0dc493db-589c-4ce3-bd07-2aa19ff6ab91|4600|Info|C937CE62-C4A9-131F-C96E-2DB8A9E886AB|B936DA83-8A45-E9F0-2EAE-D75F5C232E78|Fri Dec 26 23:36:53 EAT 2014
c5c7e21a-68ae-486e-aa00-60c99b543a95|4610|20240|650195B6-9357-C147-C24E-7FBDAEEC74ED|B936DA83-8A45-E9F0-2EAE-D75F5C232E78|Wed Aug 06 08:51:55 EAT 2014
d0789b1a-b4c3-4353-b01f-333aef706529|4620|Sale|650195B6-9357-C147-C24E-7FBDAEEC74ED|B936DA83-8A45-E9F0-2EAE-D75F5C232E78|Thu Aug 28 08:33:04 EAT 2014
6cd26563-ac6c-4b6e-b0ff-62dea1c97ec7|4630|20272|C3CFA249-F2A3-8253-1F44-B1C594C6A8D2|B936DA83-8A45-E9F0-2EAE-D75F5C232E78|Sun Aug 03 19:30:15 EAT 2014
e0dd228d-1095-403b-8b18-7269e8893ef4|4640|Sale|8038D870-5455-A2D6-18A9-BD5FA1D0A10A|B936DA83-8A45-E9F0-2EAE-D75F5C232E78|Mon Aug 11 22:29:54 EAT 2014
51334713-d9e1-439d-bc51-fced884606cf|4650|Notice|C937CE62-C4A9-131F-C96E-2DB8A9E886AB|B936DA83-8A45-E9F0-2EAE-D75F5C232E78|Tue Aug 26 18:52:30 EAT 2014
97d6f5dd-231c-457e-9ca6-af68d9a98a94|4660|Info|C3CFA249-F2A3-8253-1F44-B1C594C6A8D2|B936DA83-8A45-E9F0-2EAE-D75F5C232E78|Tue Oct 14 07:40:52 EAT 2014
9e175a93-a27c-41e8-8ee7-5a5c4d93715b|4670|20240|650195B6-9357-C147-C24E-7FBDAEEC74ED|B936DA83-8A45-E9F0-2EAE-D75F5C232E78|Thu Sep 04 17:59:27 EAT 2014
25616a7b-af75-4d48-abfa-494c922857eb|4680|Sale|C6D5BA33-C95E-BCC3-D951-2A099E5F9230|B936DA83-8A45-E9F0-2EAE-D75F5C232E78|Mon Nov 24 07:57:26 EAT 2014
d659860c-7bfb-4796-90f5-6c5613f66cb0|4690|20272|C3CFA249-F2A3-8253-1F44-B1C594C6A8D2|B936DA83-8A45-E9F0-2EAE-D75F5C232E78|Thu Sep 18 03:17:08 EAT 2014
a6c328ea-22ad-4d3f-a46f-7795962d6cc2|4700|Sale|C937CE62-C4A9-131F-C96E-2DB8A9E886AB|B936DA83-8A45-E9F0-2EAE-D75F5C232E78|Thu Oct 09 23:08:13 EAT 2014
85cb6c66-4ae0-4c86-af9a-13849890fe6b|4710|Notice|C3CFA249-F2A3-8253-1F44-B1C594C6A8D2|B936DA83-8A45-E9F0-2EAE-D75F5C232E78|Fri Oct 31 16:17:36 EAT 2014
34dc27df-02bd-413a-96d1-1a8c3436cc88|4720|Info|650195B6-9357-C147-C24E-7FBDAEEC74ED|B936DA83-8A45-E9F0-2EAE-D75F5C232E78|Wed Sep 10 23:18:22 EAT 2014
46196ee7-27f9-4cd5-80f0-0ed2cce125e7|4730|20240|650195B6-9357-C147-C24E-7FBDAEEC74ED|B936DA83-8A45-E9F0-2EAE-D75F5C232E78|Thu Nov 13 03:41:43 EAT 2014
9e28edfd-86cb-4a70-909e-4c23252d50da|4740|Sale|8038D870-5455-A2D6-18A9-BD5FA1D0A10A|B936DA83-8A45-E9F0-2EAE-D75F5C232E78|Wed Nov 05 15:43:50 EAT 2014
8fd38aba-f77c-4034-8105-0a207f416797|4750|20272|C3CFA249-F2A3-8253-1F44-B1C594C6A8D2|B936DA83-8A45-E9F0-2EAE-D75F5C232E78|Fri Oct 10 04:34:17 EAT 2014
c022bde7-fca8-4c77-b843-200d6808f58e|4760|Sale|C3CFA249-F2A3-8253-1F44-B1C594C6A8D2|B936DA83-8A45-E9F0-2EAE-D75F5C232E78|Thu Oct 02 23:14:25 EAT 2014
284e9b5d-941e-4c50-9309-8c9481dbc257|4770|Notice|650195B6-9357-C147-C24E-7FBDAEEC74ED|B936DA83-8A45-E9F0-2EAE-D75F5C232E78|Thu Aug 28 07:08:46 EAT 2014
b0f346b4-cdef-46a5-b312-a0ec65d83d4b|4780|Info|C6D5BA33-C95E-BCC3-D951-2A099E5F9230|B936DA83-8A45-E9F0-2EAE-D75F5C232E78|Fri Oct 24 00:21:18 EAT 2014
d7b504df-71de-455c-9f58-d508f6cfd7aa|4790|20240|650195B6-9357-C147-C24E-7FBDAEEC74ED|B936DA83-8A45-E9F0-2EAE-D75F5C232E78|Mon Nov 03 02:59:17 EAT 2014
caf8aae5-4bb2-4b27-81d0-c660d84d4967|4800|Sale|C937CE62-C4A9-131F-C96E-2DB8A9E886AB|B936DA83-8A45-E9F0-2EAE-D75F5C232E78|Wed Oct 22 20:26:56 EAT 2014
3b7634a0-5fd9-44ff-b006-ac99f748491e|4810|20272|C3CFA249-F2A3-8253-1F44-B1C594C6A8D2|B936DA83-8A45-E9F0-2EAE-D75F5C232E78|Mon Sep 22 03:07:51 EAT 2014
8c51164b-aad2-47cb-98c6-ce214f771651|4820|Sale|650195B6-9357-C147-C24E-7FBDAEEC74ED|B936DA83-8A45-E9F0-2EAE-D75F5C232E78|Sat Nov 29 22:34:31 EAT 2014
f5daaa3a-eda2-42dc-b75a-0386b154ae1d|4830|Notice|C6D5BA33-C95E-BCC3-D951-2A099E5F9230|B936DA83-8A45-E9F0-2EAE-D75F5C232E78|Fri Nov 28 05:21:08 EAT 2014
9ba8ff9f-b1f7-4676-a20a-fa5c51f112db|4840|Info|8038D870-5455-A2D6-18A9-BD5FA1D0A10A|B936DA83-8A45-E9F0-2EAE-D75F5C232E78|Sun Aug 10 01:54:32 EAT 2014
c9d2ab83-c06c-43b8-88b0-822dc96683b3|4850|20240|650195B6-9357-C147-C24E-7FBDAEEC74ED|B936DA83-8A45-E9F0-2EAE-D75F5C232E78|Wed Oct 08 03:35:38 EAT 2014
f4764e7d-3ac7-4db8-b646-296fd6c5d7cc|4860|Sale|C3CFA249-F2A3-8253-1F44-B1C594C6A8D2|B936DA83-8A45-E9F0-2EAE-D75F5C232E78|Fri Dec 26 16:15:32 EAT 2014
873c2893-bad8-4ddb-adbc-b15b16fb1443|4870|20272|C3CFA249-F2A3-8253-1F44-B1C594C6A8D2|B936DA83-8A45-E9F0-2EAE-D75F5C232E78|Thu Dec 18 20:07:16 EAT 2014
2f76d912-e238-4bc5-bdd0-2f6398f7b162|4880|Sale|C6D5BA33-C95E-BCC3-D951-2A099E5F9230|B936DA83-8A45-E9F0-2EAE-D75F5C232E78|Thu Aug 21 19:27:35 EAT 2014
6dcadbe5-79a1-49b4-b693-045cb5412a56|4890|Notice|8038D870-5455-A2D6-18A9-BD5FA1D0A10A|B936DA83-8A45-E9F0-2EAE-D75F5C232E78|Mon Dec 08 00:18:57 EAT 2014
670e65ef-642b-47e9-96d1-5333df878a30|4900|Info|C937CE62-C4A9-131F-C96E-2DB8A9E886AB|B936DA83-8A45-E9F0-2EAE-D75F5C232E78|Mon Oct 13 00:44:25 EAT 2014
1c71caa0-1404-4b49-b6eb-b0526f82a490|4910|20240|650195B6-9357-C147-C24E-7FBDAEEC74ED|B936DA83-8A45-E9F0-2EAE-D75F5C232E78|Sat Aug 30 01:11:39 EAT 2014
8693a26c-0c72-4572-a639-9933325a6b17|4920|Sale|650195B6-9357-C147-C24E-7FBDAEEC74ED|B936DA83-8A45-E9F0-2EAE-D75F5C232E78|Sat Aug 23 16:32:23 EAT 2014
d5eba52e-c673-4b17-8eaa-1f436fcf816b|4930|20272|C3CFA249-F2A3-8253-1F44-B1C594C6A8D2|B936DA83-8A45-E9F0-2EAE-D75F5C232E78|Thu Dec 04 13:07:56 EAT 2014
93b40778-5dec-4387-89d2-2e8480807a27|4940|Sale|8038D870-5455-A2D6-18A9-BD5FA1D0A10A|B936DA83-8A45-E9F0-2EAE-D75F5C232E78|Thu Sep 11 21:06:03 EAT 2014
ecaa9247-2701-425f-bec1-291f880a5dd8|4950|Notice|C937CE62-C4A9-131F-C96E-2DB8A9E886AB|B936DA83-8A45-E9F0-2EAE-D75F5C232E78|Wed Dec 24 04:28:14 EAT 2014
c86eebab-5a73-4544-bb95-42794f2bb227|4960|Info|C3CFA249-F2A3-8253-1F44-B1C594C6A8D2|B936DA83-8A45-E9F0-2EAE-D75F5C232E78|Tue Nov 25 22:53:48 EAT 2014
fd574e12-8d62-49c6-b2cd-02b3efe2bf57|4970|20240|650195B6-9357-C147-C24E-7FBDAEEC74ED|B936DA83-8A45-E9F0-2EAE-D75F5C232E78|Sat Oct 11 03:29:06 EAT 2014
ce3b5ca6-fc67-4502-beae-dc18f4b5079d|4980|Sale|C6D5BA33-C95E-BCC3-D951-2A099E5F9230|B936DA83-8A45-E9F0-2EAE-D75F5C232E78|Fri Sep 05 07:30:04 EAT 2014
d9158020-784d-4b07-95eb-883d3b7567eb|4990|20272|C3CFA249-F2A3-8253-1F44-B1C594C6A8D2|B936DA83-8A45-E9F0-2EAE-D75F5C232E78|Fri Dec 19 01:46:00 EAT 2014
1fd59dee-e992-40ee-8b69-6040ea0e0d39|5000|Sale|C937CE62-C4A9-131F-C96E-2DB8A9E886AB|B936DA83-8A45-E9F0-2EAE-D75F5C232E78|Sun Aug 17 11:45:35 EAT 2014
