Uuid|NotificationUuid
c1513351-d462-474c-87c7-9ac5e32ac538|71098b2f-58d5-4ec8-9940-e5c531158252
bc47012f-d976-4bbd-b3db-444e82612798|8b71a568-f95d-4c3e-8b5c-700a155c35a0
cbd6f4f0-9df5-4ce2-a096-9858c7cda039|50f1e183-b260-47f8-8b4f-f5347131b585
19699ebc-7688-4a8b-abce-48b9729ac1a7|9761a51e-a712-4433-a987-61928f7342f7
4a1bcfcb-45d1-46cc-aef6-a83d083d611c|b9efac48-db17-4283-92ce-9a2647433fad
3e3f217a-d183-4f06-b121-1aa29b583408|ccd0eb36-b557-41dc-94f6-48ecb8ac8bf1
0f0ddf28-c817-4fd0-88b8-e404787ba528|71098b2f-58d5-4ec8-9940-e5c531158252
80b836c3-69ae-48e1-a6f6-eb0d7fffd104|8b71a568-f95d-4c3e-8b5c-700a155c35a0
32c1e39a-1979-4df6-807f-2bd0d7c40ecb|50f1e183-b260-47f8-8b4f-f5347131b585
78e2c5ba-4c51-4610-b34d-412b2d651e51|9761a51e-a712-4433-a987-61928f7342f7
